phase5n_rank,candidate_id,spec_json,instrument,family,timeframe,label,ranking_score,risk_notes,net_pnl,validation_pnl,holdout_pnl,slippage_4_ticks_net_pnl,trades,active_sessions,active_session_pct,win_rate,avg_trade,profit_factor,max_drawdown,worst_day,longest_losing_streak,best_day_concentration,best_trade_concentration,same_bar_stop_target_ambiguity_count,base_cost,stress_cost,phase5n_score,phase5n_label,phase5n_notes
1,MNQ_opening_range_breakout_tf1_f927580470,"{""entry"":{""name"":""close_outside_range"",""params"":{""min_range"":10.0,""or_minutes"":20}},""exit"":{""name"":""r_multiple"",""params"":{""stop_mode"":""half_range"",""target"":""2R""}},""family"":""opening_range_breakout"",""instrument"":""MNQ"",""notes"":""Deterministic AI-search proposal: opening-range breakout with fixed R multiple."",""risk"":{""name"":""one_open_position"",""params"":{""max_trades_per_day"":1}},""timeframe"":1,""version"":1}",MNQ,opening_range_breakout,1,watchlist,32.305,negative holdout PnL,3369.0599999999936,4373.499999999998,-1231.2500000000016,726.0599999999943,881,881,0.9778024417314096,0.3711691259931896,3.824131668558449,1.053148583376479,-3088.4100000000008,-691.74,19,0.1872213614480007,0.1872213614480007,0,2.74,3.74,15.7152,rejected,drawdown exceeds prefilter cap; negative holdout split
2,MNQ_opening_range_breakout_tf1_703d81d835,"{""entry"":{""name"":""close_outside_range"",""params"":{""min_range"":10.0,""or_minutes"":60}},""exit"":{""name"":""r_multiple"",""params"":{""stop_mode"":""half_range"",""target"":""1R""}},""family"":""opening_range_breakout"",""instrument"":""MNQ"",""notes"":""Deterministic AI-search proposal: opening-range breakout with fixed R multiple."",""risk"":{""name"":""one_open_position"",""params"":{""max_trades_per_day"":1}},""timeframe"":1,""version"":1}",MNQ,opening_range_breakout,1,rejected,-51.2353,negative net PnL; negative holdout PnL; fails 4-tick slippage; one-day concentration risk; one-trade concentration risk,-181.24000000000387,1271.5599999999993,-780.9300000000012,-2134.240000000004,651,651,0.7225305216426193,0.5038402457757296,-0.27840245775730244,0.996209955579274,-4109.34,-488.74,8,1.0,1.0,0,2.74,3.74,-325.474,rejected,fails aggregate 4-tick slippage stress; one-day concentration risk; one-trade concentration risk; drawdown exceeds prefilter cap; negative holdout split
3,MNQ_opening_range_breakout_tf1_10c978da46,"{""entry"":{""name"":""close_outside_range"",""params"":{""min_range"":10.0,""or_minutes"":20}},""exit"":{""name"":""r_multiple"",""params"":{""stop_mode"":""half_range"",""target"":""1R""}},""family"":""opening_range_breakout"",""instrument"":""MNQ"",""notes"":""Deterministic AI-search proposal: opening-range breakout with fixed R multiple."",""risk"":{""name"":""one_open_position"",""params"":{""max_trades_per_day"":1}},""timeframe"":1,""version"":1}",MNQ,opening_range_breakout,1,rejected,-60.2438,negative net PnL; negative holdout PnL; fails 4-tick slippage; one-day concentration risk; one-trade concentration risk,-1011.4400000000036,3114.249999999999,-979.7500000000016,-3654.4400000000032,881,881,0.9778024417314096,0.4937570942111237,-1.1480590238365536,0.980396375275368,-4397.699999999979,-691.74,11,1.0,1.0,0,2.74,3.74,-332.3624,rejected,fails aggregate 4-tick slippage stress; one-day concentration risk; one-trade concentration risk; drawdown exceeds prefilter cap; negative holdout split
4,MNQ_opening_range_failure_tf1_454ba8d5ae,"{""entry"":{""name"":""close_back_inside"",""params"":{""min_range"":10.0,""or_minutes"":15,""target"":""mid""}},""exit"":{""name"":""range_target"",""params"":{""target"":""mid""}},""family"":""opening_range_failure"",""instrument"":""MNQ"",""notes"":""Deterministic AI-search proposal: fade failed opening-range break after bar closes back inside."",""risk"":{""name"":""one_open_position"",""params"":{""max_trades_per_day"":1}},""timeframe"":1,""version"":1}",MNQ,opening_range_failure,1,rejected,-50.7129,negative net PnL; negative holdout PnL; fails 4-tick slippage; one-day concentration risk; one-trade concentration risk; same-bar stop/target ambiguity present,-938.6099999999436,308.0199999999837,-97.04499999999932,-3455.609999999944,839,839,0.9311875693673696,0.5292014302741359,-1.1187246722287767,0.9701015821847352,-4158.574999999959,-359.1650000000029,10,1.0,1.0,2,2.74,3.74,-336.8998,rejected,fails aggregate 4-tick slippage stress; one-day concentration risk; one-trade concentration risk; drawdown exceeds prefilter cap; negative holdout split
5,MNQ_opening_range_breakout_tf1_545bffa6a6,"{""entry"":{""name"":""close_outside_range"",""params"":{""min_range"":10.0,""or_minutes"":15}},""exit"":{""name"":""r_multiple"",""params"":{""stop_mode"":""half_range"",""target"":""2R""}},""family"":""opening_range_breakout"",""instrument"":""MNQ"",""notes"":""Deterministic AI-search proposal: opening-range breakout with fixed R multiple."",""risk"":{""name"":""one_open_position"",""params"":{""max_trades_per_day"":1}},""timeframe"":1,""version"":1}",MNQ,opening_range_breakout,1,rejected,-54.7353,negative net PnL; negative holdout PnL; fails 4-tick slippage; one-day concentration risk; one-trade concentration risk,-77.57000000000585,1113.7899999999988,-1526.710000000001,-2756.5700000000047,893,893,0.9911209766925638,0.3561030235162374,-0.0868645016797377,0.9987200673214556,-5719.689999999989,-370.24,12,1.0,1.0,0,2.74,3.74,-340.6022,rejected,fails aggregate 4-tick slippage stress; one-day concentration risk; one-trade concentration risk; drawdown exceeds prefilter cap; negative holdout split
6,MNQ_prior_session_levels_tf5_73b6527070,"{""entry"":{""name"":""prior_level_reaction"",""params"":{""mode"":""prior_close_reclaim""}},""exit"":{""name"":""fixed_ticks"",""params"":{""stop_ticks"":40,""target_ticks"":60}},""family"":""prior_session_levels"",""instrument"":""MNQ"",""notes"":""Deterministic AI-search proposal: prior-session level reaction."",""risk"":{""name"":""one_open_position"",""params"":{""max_trades_per_day"":2}},""timeframe"":5,""version"":1}",MNQ,prior_session_levels,5,rejected,-71.3311,negative net PnL; negative validation PnL; negative holdout PnL; fails 4-tick slippage; one-day concentration risk; one-trade concentration risk; same-bar stop/target ambiguity present,-1886.4000000000026,-329.8800000000005,-312.00000000000045,-4316.400000000003,810,449,0.4983351831298557,0.4074074074074074,-2.328888888888892,0.8264932580342522,-1960.500000000007,-50.480000000000004,15,1.0,1.0,35,2.74,3.74,-343.5664,rejected,fails aggregate 4-tick slippage stress; one-day concentration risk; one-trade concentration risk; negative validation split; negative holdout split
7,MNQ_opening_range_breakout_tf1_5565c0efb5,"{""entry"":{""name"":""close_outside_range"",""params"":{""min_range"":10.0,""or_minutes"":30}},""exit"":{""name"":""r_multiple"",""params"":{""stop_mode"":""half_range"",""target"":""2R""}},""family"":""opening_range_breakout"",""instrument"":""MNQ"",""notes"":""Deterministic AI-search proposal: opening-range breakout with fixed R multiple."",""risk"":{""name"":""one_open_position"",""params"":{""max_trades_per_day"":1}},""timeframe"":1,""version"":1}",MNQ,opening_range_breakout,1,rejected,-54.935,negative net PnL; negative holdout PnL; fails 4-tick slippage; one-day concentration risk; one-trade concentration risk,-155.77000000000635,2182.449999999999,-3563.0600000000013,-2699.770000000007,848,848,0.9411764705882352,0.3867924528301887,-0.1836910377358565,0.9976766714817652,-4701.02999999996,-421.49,9,1.0,1.0,0,2.74,3.74,-345.0909,rejected,fails aggregate 4-tick slippage stress; one-day concentration risk; one-trade concentration risk; drawdown exceeds prefilter cap; negative holdout split
8,MNQ_prior_session_levels_tf3_c9d85fec76,"{""entry"":{""name"":""prior_level_reaction"",""params"":{""mode"":""prior_close_reclaim""}},""exit"":{""name"":""fixed_ticks"",""params"":{""stop_ticks"":40,""target_ticks"":60}},""family"":""prior_session_levels"",""instrument"":""MNQ"",""notes"":""Deterministic AI-search proposal: prior-session level reaction."",""risk"":{""name"":""one_open_position"",""params"":{""max_trades_per_day"":2}},""timeframe"":3,""version"":1}",MNQ,prior_session_levels,3,rejected,-81.5386,negative net PnL; negative validation PnL; negative holdout PnL; fails 4-tick slippage; one-day concentration risk; one-trade concentration risk; same-bar stop/target ambiguity present,-2043.1200000000024,-391.2600000000005,-823.6800000000005,-4557.120000000003,838,453,0.5027746947835738,0.4057279236276849,-2.438090692124108,0.8188485723304119,-2099.0200000000077,-51.48,15,1.0,1.0,37,2.74,3.74,-350.7363,rejected,fails aggregate 4-tick slippage stress; one-day concentration risk; one-trade concentration risk; negative validation split; negative holdout split
9,MNQ_prior_session_levels_tf1_11d4c92cab,"{""entry"":{""name"":""prior_level_reaction"",""params"":{""mode"":""sweep_reverse""}},""exit"":{""name"":""fixed_ticks"",""params"":{""stop_ticks"":40,""target_ticks"":60}},""family"":""prior_session_levels"",""instrument"":""MNQ"",""notes"":""Deterministic AI-search proposal: prior-session level reaction."",""risk"":{""name"":""one_open_position"",""params"":{""max_trades_per_day"":2}},""timeframe"":1,""version"":1}",MNQ,prior_session_levels,1,rejected,-52.9159,negative net PnL; negative validation PnL; fails 4-tick slippage; one-day concentration risk; one-trade concentration risk; same-bar stop/target ambiguity present,-2645.500000000004,-108.22000000000104,1546.7599999999989,-5945.500000000004,1100,602,0.6681465038845728,0.2609090909090909,-2.405000000000004,0.9056059133408406,-5697.91999999996,-236.98,24,1.0,1.0,19,2.74,3.74,-353.0677,rejected,fails aggregate 4-tick slippage stress; one-day concentration risk; one-trade concentration risk; drawdown exceeds prefilter cap; negative validation split
10,MNQ_opening_range_breakout_tf1_e365a26388,"{""entry"":{""name"":""close_outside_range"",""params"":{""min_range"":10.0,""or_minutes"":10}},""exit"":{""name"":""r_multiple"",""params"":{""stop_mode"":""half_range"",""target"":""1R""}},""family"":""opening_range_breakout"",""instrument"":""MNQ"",""notes"":""Deterministic AI-search proposal: opening-range breakout with fixed R multiple."",""risk"":{""name"":""one_open_position"",""params"":{""max_trades_per_day"":1}},""timeframe"":1,""version"":1}",MNQ,opening_range_breakout,1,rejected,-59.4941,negative net PnL; negative validation PnL; fails 4-tick slippage; one-day concentration risk; one-trade concentration risk; same-bar stop/target ambiguity present,-2281.510000000003,-1284.2000000000005,462.2999999999986,-4978.510000000004,899,899,0.9977802441731408,0.5005561735261401,-2.5378309232480567,0.9475855455743004,-4079.1099999999865,-317.99,8,1.0,1.0,2,2.74,3.74,-355.2245,rejected,fails aggregate 4-tick slippage stress; one-day concentration risk; one-trade concentration risk; drawdown exceeds prefilter cap; negative validation split
11,MNQ_vwap_reclaim_rejection_tf3_d1713e5d16,"{""entry"":{""name"":""vwap_cross"",""params"":{""mode"":""reclaim""}},""exit"":{""name"":""fixed_ticks"",""params"":{""stop_ticks"":40,""target_ticks"":60}},""family"":""vwap_reclaim_rejection"",""instrument"":""MNQ"",""notes"":""Deterministic AI-search proposal: VWAP reclaim/rejection confirmation."",""risk"":{""name"":""one_open_position"",""params"":{""max_trades_per_day"":2}},""timeframe"":3,""version"":1}",MNQ,vwap_reclaim_rejection,3,rejected,-63.2388,negative net PnL; negative validation PnL; negative holdout PnL; fails 4-tick slippage; one-day concentration risk; one-trade concentration risk; same-bar stop/target ambiguity present,-2211.9600000000046,-418.740000000001,-45.74000000000092,-6723.9600000000055,1504,823,0.9134295227524972,0.4242021276595745,-1.470718085106386,0.8869507531812283,-2366.339999999994,-53.98,17,1.0,1.0,46,2.74,3.74,-358.4612,rejected,fails aggregate 4-tick slippage stress; one-day concentration risk; one-trade concentration risk; negative validation split; negative holdout split
12,MNQ_prior_session_levels_tf1_f5e7615a7b,"{""entry"":{""name"":""prior_level_reaction"",""params"":{""mode"":""prior_close_reclaim""}},""exit"":{""name"":""fixed_ticks"",""params"":{""stop_ticks"":40,""target_ticks"":60}},""family"":""prior_session_levels"",""instrument"":""MNQ"",""notes"":""Deterministic AI-search proposal: prior-session level reaction."",""risk"":{""name"":""one_open_position"",""params"":{""max_trades_per_day"":2}},""timeframe"":1,""version"":1}",MNQ,prior_session_levels,1,rejected,-85.9379,negative net PnL; negative validation PnL; negative holdout PnL; fails 4-tick slippage; one-day concentration risk; one-trade concentration risk; same-bar stop/target ambiguity present,-2485.600000000002,-300.3400000000005,-1116.8000000000006,-5230.600000000003,915,484,0.537180910099889,0.4010928961748634,-2.71650273224044,0.800465922026295,-2531.2999999999997,-48.48,15,1.0,1.0,50,2.74,3.74,-360.1626,rejected,fails aggregate 4-tick slippage stress; one-day concentration risk; one-trade concentration risk; drawdown exceeds prefilter cap; negative validation split; negative holdout split
13,MNQ_opening_range_breakout_tf1_a7a0a7ad0d,"{""entry"":{""name"":""close_outside_range"",""params"":{""min_range"":10.0,""or_minutes"":10}},""exit"":{""name"":""r_multiple"",""params"":{""stop_mode"":""half_range"",""target"":""2R""}},""family"":""opening_range_breakout"",""instrument"":""MNQ"",""notes"":""Deterministic AI-search proposal: opening-range breakout with fixed R multiple."",""risk"":{""name"":""one_open_position"",""params"":{""max_trades_per_day"":1}},""timeframe"":1,""version"":1}",MNQ,opening_range_breakout,1,rejected,-86.2768,negative net PnL; negative validation PnL; negative holdout PnL; fails 4-tick slippage; one-day concentration risk; one-trade concentration risk,-2076.2600000000048,-1252.9500000000012,-664.7000000000007,-4773.260000000005,899,899,0.9977802441731408,0.3448275862068966,-2.3095216907675247,0.9632535702933468,-4956.959999999997,-317.99,12,1.0,1.0,0,2.74,3.74,-366.235,rejected,fails aggregate 4-tick slippage stress; one-day concentration risk; one-trade concentration risk; drawdown exceeds prefilter cap; negative validation split; negative holdout split
14,MNQ_vwap_reclaim_rejection_tf3_c1cb4fd5ee,"{""entry"":{""name"":""vwap_cross"",""params"":{""mode"":""reclaim""}},""exit"":{""name"":""fixed_ticks"",""params"":{""stop_ticks"":60,""target_ticks"":90}},""family"":""vwap_reclaim_rejection"",""instrument"":""MNQ"",""notes"":""Deterministic AI-search proposal: VWAP reclaim/rejection confirmation."",""risk"":{""name"":""one_open_position"",""params"":{""max_trades_per_day"":2}},""timeframe"":3,""version"":1}",MNQ,vwap_reclaim_rejection,3,rejected,-61.2664,negative net PnL; negative validation PnL; fails 4-tick slippage; one-day concentration risk; one-trade concentration risk; same-bar stop/target ambiguity present,-2976.780000000005,-210.50000000000097,162.9999999999991,-7467.780000000006,1497,823,0.9134295227524972,0.4088176352705411,-1.9884969939879795,0.8965134591116255,-3224.459999999857,-73.98,15,1.0,1.0,21,2.74,3.74,-367.3009,rejected,fails aggregate 4-tick slippage stress; one-day concentration risk; one-trade concentration risk; drawdown exceeds prefilter cap; negative validation split
15,MNQ_opening_range_breakout_tf1_e9fd93651c,"{""entry"":{""name"":""close_outside_range"",""params"":{""min_range"":10.0,""or_minutes"":45}},""exit"":{""name"":""r_multiple"",""params"":{""stop_mode"":""half_range"",""target"":""2R""}},""family"":""opening_range_breakout"",""instrument"":""MNQ"",""notes"":""Deterministic AI-search proposal: opening-range breakout with fixed R multiple."",""risk"":{""name"":""one_open_position"",""params"":{""max_trades_per_day"":1}},""timeframe"":1,""version"":1}",MNQ,opening_range_breakout,1,rejected,-91.468,negative net PnL; negative validation PnL; negative holdout PnL; fails 4-tick slippage; one-day concentration risk; one-trade concentration risk,-1749.7600000000057,-2911.0200000000013,-1221.1900000000014,-3996.7600000000057,749,749,0.8312985571587126,0.4085447263017356,-2.3361281708945336,0.9725989127010028,-5898.369999999995,-1736.99,9,1.0,1.0,0,2.74,3.74,-373.3216,rejected,fails aggregate 4-tick slippage stress; one-day concentration risk; one-trade concentration risk; drawdown exceeds prefilter cap; negative validation split; negative holdout split
16,MNQ_opening_range_breakout_tf1_67ab7ac245,"{""entry"":{""name"":""close_outside_range"",""params"":{""min_range"":10.0,""or_minutes"":15}},""exit"":{""name"":""r_multiple"",""params"":{""stop_mode"":""half_range"",""target"":""1R""}},""family"":""opening_range_breakout"",""instrument"":""MNQ"",""notes"":""Deterministic AI-search proposal: opening-range breakout with fixed R multiple."",""risk"":{""name"":""one_open_position"",""params"":{""max_trades_per_day"":1}},""timeframe"":1,""version"":1}",MNQ,opening_range_breakout,1,rejected,-88.6608,negative net PnL; negative validation PnL; negative holdout PnL; fails 4-tick slippage; one-day concentration risk; one-trade concentration risk; same-bar stop/target ambiguity present,-3313.8200000000043,-397.2100000000007,-1070.7100000000016,-5992.820000000003,893,893,0.9911209766925638,0.4837625979843225,-3.710884658454652,0.93208082533863,-4342.419999999968,-370.24,10,1.0,1.0,1,2.74,3.74,-374.2189,rejected,fails aggregate 4-tick slippage stress; one-day concentration risk; one-trade concentration risk; drawdown exceeds prefilter cap; negative validation split; negative holdout split
17,MNQ_opening_range_breakout_tf1_f1942522ad,"{""entry"":{""name"":""close_outside_range"",""params"":{""min_range"":10.0,""or_minutes"":45}},""exit"":{""name"":""r_multiple"",""params"":{""stop_mode"":""half_range"",""target"":""1R""}},""family"":""opening_range_breakout"",""instrument"":""MNQ"",""notes"":""Deterministic AI-search proposal: opening-range breakout with fixed R multiple."",""risk"":{""name"":""one_open_position"",""params"":{""max_trades_per_day"":1}},""timeframe"":1,""version"":1}",MNQ,opening_range_breakout,1,rejected,-94.9353,negative net PnL; negative validation PnL; negative holdout PnL; fails 4-tick slippage; one-day concentration risk; one-trade concentration risk,-3033.7600000000043,-1519.2700000000011,-871.1900000000014,-5280.760000000005,749,749,0.8312985571587126,0.5126835781041389,-4.050413885180246,0.9450451592802048,-4782.8499999999785,-1736.99,7,1.0,1.0,0,2.74,3.74,-374.8966,rejected,fails aggregate 4-tick slippage stress; one-day concentration risk; one-trade concentration risk; drawdown exceeds prefilter cap; negative validation split; negative holdout split
18,MNQ_opening_range_breakout_tf1_9384ff9080,"{""entry"":{""name"":""close_outside_range"",""params"":{""min_range"":10.0,""or_minutes"":30}},""exit"":{""name"":""r_multiple"",""params"":{""stop_mode"":""half_range"",""target"":""1R""}},""family"":""opening_range_breakout"",""instrument"":""MNQ"",""notes"":""Deterministic AI-search proposal: opening-range breakout with fixed R multiple."",""risk"":{""name"":""one_open_position"",""params"":{""max_trades_per_day"":1}},""timeframe"":1,""version"":1}",MNQ,opening_range_breakout,1,rejected,-77.3209,negative net PnL; negative holdout PnL; fails 4-tick slippage; one-day concentration risk; one-trade concentration risk,-2719.5200000000045,1389.4499999999991,-3378.0600000000013,-5263.520000000005,848,848,0.9411764705882352,0.4952830188679245,-3.206981132075477,0.9516004653582366,-5637.579999999998,-421.49,7,1.0,1.0,0,2.74,3.74,-376.3928,rejected,fails aggregate 4-tick slippage stress; one-day concentration risk; one-trade concentration risk; drawdown exceeds prefilter cap; negative holdout split
19,MNQ_opening_range_failure_tf1_cf231ec8fe,"{""entry"":{""name"":""close_back_inside"",""params"":{""min_range"":10.0,""or_minutes"":15,""target"":""opposite""}},""exit"":{""name"":""range_target"",""params"":{""target"":""opposite""}},""family"":""opening_range_failure"",""instrument"":""MNQ"",""notes"":""Deterministic AI-search proposal: fade failed opening-range break after bar closes back inside."",""risk"":{""name"":""one_open_position"",""params"":{""max_trades_per_day"":1}},""timeframe"":1,""version"":1}",MNQ,opening_range_failure,1,rejected,-96.0263,negative net PnL; negative validation PnL; negative holdout PnL; fails 4-tick slippage; one-day concentration risk; one-trade concentration risk,-3243.0849999999623,-1176.8550000000166,-1123.5949999999884,-5760.084999999962,839,839,0.9311875693673696,0.3301549463647199,-3.8654171632895857,0.929150225875526,-5993.974999999924,-359.1650000000029,14,1.0,1.0,0,2.74,3.74,-380.1152,rejected,fails aggregate 4-tick slippage stress; one-day concentration risk; one-trade concentration risk; drawdown exceeds prefilter cap; negative validation split; negative holdout split
20,MNQ_prior_session_levels_tf5_cfa30b5a40,"{""entry"":{""name"":""prior_level_reaction"",""params"":{""mode"":""break_hold""}},""exit"":{""name"":""fixed_ticks"",""params"":{""stop_ticks"":40,""target_ticks"":60}},""family"":""prior_session_levels"",""instrument"":""MNQ"",""notes"":""Deterministic AI-search proposal: prior-session level reaction."",""risk"":{""name"":""one_open_position"",""params"":{""max_trades_per_day"":2}},""timeframe"":5,""version"":1}",MNQ,prior_session_levels,5,rejected,-89.6222,negative net PnL; negative validation PnL; negative holdout PnL; fails 4-tick slippage; one-day concentration risk; one-trade concentration risk; same-bar stop/target ambiguity present,-2774.440000000004,-555.7400000000009,-1581.7800000000009,-7142.440000000006,1456,740,0.8213096559378469,0.4182692307692308,-1.905521978021981,0.8560323963950498,-3351.259999999992,-80.48,12,1.0,1.0,93,2.74,3.74,-380.8246,rejected,fails aggregate 4-tick slippage stress; one-day concentration risk; one-trade concentration risk; drawdown exceeds prefilter cap; negative validation split; negative holdout split
21,MNQ_vwap_reclaim_rejection_tf1_8be9cf0cdc,"{""entry"":{""name"":""vwap_cross"",""params"":{""mode"":""reclaim""}},""exit"":{""name"":""fixed_ticks"",""params"":{""stop_ticks"":60,""target_ticks"":90}},""family"":""vwap_reclaim_rejection"",""instrument"":""MNQ"",""notes"":""Deterministic AI-search proposal: VWAP reclaim/rejection confirmation."",""risk"":{""name"":""one_open_position"",""params"":{""max_trades_per_day"":2}},""timeframe"":1,""version"":1}",MNQ,vwap_reclaim_rejection,1,rejected,-72.7326,negative net PnL; negative validation PnL; negative holdout PnL; fails 4-tick slippage; one-day concentration risk; one-trade concentration risk; same-bar stop/target ambiguity present,-3514.2400000000057,-328.12000000000126,-9.060000000000969,-8242.240000000005,1576,842,0.9345172031076582,0.4067258883248731,-2.229847715736044,0.8847124898301969,-4615.539999999805,-77.98,13,1.0,1.0,21,2.74,3.74,-381.3198,rejected,fails aggregate 4-tick slippage stress; one-day concentration risk; one-trade concentration risk; drawdown exceeds prefilter cap; negative validation split; negative holdout split
22,MNQ_opening_range_failure_tf1_9356d77582,"{""entry"":{""name"":""close_back_inside"",""params"":{""min_range"":10.0,""or_minutes"":10,""target"":""opposite""}},""exit"":{""name"":""range_target"",""params"":{""target"":""opposite""}},""family"":""opening_range_failure"",""instrument"":""MNQ"",""notes"":""Deterministic AI-search proposal: fade failed opening-range break after bar closes back inside."",""risk"":{""name"":""one_open_position"",""params"":{""max_trades_per_day"":1}},""timeframe"":1,""version"":1}",MNQ,opening_range_failure,1,rejected,-91.7445,negative net PnL; negative validation PnL; negative holdout PnL; fails 4-tick slippage; one-day concentration risk; one-trade concentration risk,-4143.774999999991,-406.2599999999979,-852.4550000000302,-6678.774999999991,845,845,0.9378468368479468,0.3325443786982248,-4.903875739644959,0.8980052469599594,-6978.014999999902,-322.4649999999985,17,1.0,1.0,0,2.74,3.74,-382.9691,rejected,fails aggregate 4-tick slippage stress; one-day concentration risk; one-trade concentration risk; drawdown exceeds prefilter cap; negative validation split; negative holdout split
23,MNQ_vwap_reclaim_rejection_tf1_d334151748,"{""entry"":{""name"":""vwap_cross"",""params"":{""mode"":""reclaim""}},""exit"":{""name"":""fixed_ticks"",""params"":{""stop_ticks"":40,""target_ticks"":60}},""family"":""vwap_reclaim_rejection"",""instrument"":""MNQ"",""notes"":""Deterministic AI-search proposal: VWAP reclaim/rejection confirmation."",""risk"":{""name"":""one_open_position"",""params"":{""max_trades_per_day"":2}},""timeframe"":1,""version"":1}",MNQ,vwap_reclaim_rejection,1,rejected,-88.9236,negative net PnL; negative validation PnL; negative holdout PnL; fails 4-tick slippage; one-day concentration risk; one-trade concentration risk; same-bar stop/target ambiguity present,-3275.8600000000047,-614.360000000001,-994.8000000000008,-8042.860000000006,1589,842,0.9345172031076582,0.4140969162995594,-2.061585903083704,0.8453100400718894,-3677.179999999906,-50.98,13,1.0,1.0,64,2.74,3.74,-385.513,rejected,fails aggregate 4-tick slippage stress; one-day concentration risk; one-trade concentration risk; drawdown exceeds prefilter cap; negative validation split; negative holdout split
24,MNQ_vwap_reclaim_rejection_tf1_47d2f9e798,"{""entry"":{""name"":""vwap_cross"",""params"":{""mode"":""both""}},""exit"":{""name"":""fixed_ticks"",""params"":{""stop_ticks"":60,""target_ticks"":90}},""family"":""vwap_reclaim_rejection"",""instrument"":""MNQ"",""notes"":""Deterministic AI-search proposal: VWAP reclaim/rejection confirmation."",""risk"":{""name"":""one_open_position"",""params"":{""max_trades_per_day"":2}},""timeframe"":1,""version"":1}",MNQ,vwap_reclaim_rejection,1,rejected,-84.7999,negative net PnL; negative validation PnL; negative holdout PnL; fails 4-tick slippage; one-day concentration risk; one-trade concentration risk; same-bar stop/target ambiguity present,-3936.480000000006,-1277.7200000000012,-338.6600000000012,-8892.480000000007,1652,858,0.9522752497225304,0.4037530266343825,-2.3828571428571466,0.8773200695600141,-4013.319999999821,-70.98,15,1.0,1.0,30,2.74,3.74,-387.3972,rejected,fails aggregate 4-tick slippage stress; one-day concentration risk; one-trade concentration risk; drawdown exceeds prefilter cap; negative validation split; negative holdout split
25,MNQ_vwap_reclaim_rejection_tf3_dfb27e4111,"{""entry"":{""name"":""vwap_cross"",""params"":{""mode"":""both""}},""exit"":{""name"":""fixed_ticks"",""params"":{""stop_ticks"":60,""target_ticks"":90}},""family"":""vwap_reclaim_rejection"",""instrument"":""MNQ"",""notes"":""Deterministic AI-search proposal: VWAP reclaim/rejection confirmation."",""risk"":{""name"":""one_open_position"",""params"":{""max_trades_per_day"":2}},""timeframe"":3,""version"":1}",MNQ,vwap_reclaim_rejection,3,rejected,-90.737,negative net PnL; negative validation PnL; negative holdout PnL; fails 4-tick slippage; one-day concentration risk; one-trade concentration risk; same-bar stop/target ambiguity present,-4630.020000000006,-865.9800000000012,-548.740000000001,-9499.020000000008,1623,853,0.946725860155383,0.3961799137399877,-2.8527541589648835,0.8543638748478375,-4681.299999999792,-78.48,18,1.0,1.0,27,2.74,3.74,-392.1688,rejected,fails aggregate 4-tick slippage stress; one-day concentration risk; one-trade concentration risk; drawdown exceeds prefilter cap; negative validation split; negative holdout split
26,MNQ_opening_range_failure_tf1_3ab61082a9,"{""entry"":{""name"":""close_back_inside"",""params"":{""min_range"":10.0,""or_minutes"":10,""target"":""mid""}},""exit"":{""name"":""range_target"",""params"":{""target"":""mid""}},""family"":""opening_range_failure"",""instrument"":""MNQ"",""notes"":""Deterministic AI-search proposal: fade failed opening-range break after bar closes back inside."",""risk"":{""name"":""one_open_position"",""params"":{""max_trades_per_day"":1}},""timeframe"":1,""version"":1}",MNQ,opening_range_failure,1,rejected,-89.7833,negative net PnL; negative holdout PnL; fails 4-tick slippage; one-day concentration risk; one-trade concentration risk; same-bar stop/target ambiguity present,-4852.400000000009,70.89000000001852,-1559.3550000000455,-7387.400000000007,845,845,0.9378468368479468,0.5136094674556213,-5.742485207100602,0.8299312455948565,-5754.78999999991,-260.3149999999971,8,1.0,1.0,4,2.74,3.74,-393.1658,rejected,fails aggregate 4-tick slippage stress; one-day concentration risk; one-trade concentration risk; drawdown exceeds prefilter cap; negative holdout split
27,MNQ_prior_session_levels_tf3_af39223808,"{""entry"":{""name"":""prior_level_reaction"",""params"":{""mode"":""sweep_reverse""}},""exit"":{""name"":""fixed_ticks"",""params"":{""stop_ticks"":40,""target_ticks"":60}},""family"":""prior_session_levels"",""instrument"":""MNQ"",""notes"":""Deterministic AI-search proposal: prior-session level reaction."",""risk"":{""name"":""one_open_position"",""params"":{""max_trades_per_day"":2}},""timeframe"":3,""version"":1}",MNQ,prior_session_levels,3,rejected,-96.2867,negative net PnL; negative validation PnL; negative holdout PnL; fails 4-tick slippage; one-day concentration risk; one-trade concentration risk; same-bar stop/target ambiguity present,-4251.760000000004,-1865.6200000000008,-473.4200000000012,-7323.760000000004,1024,574,0.6370699223085461,0.2841796875,-4.152109375000004,0.8551429539013784,-5886.399999999914,-284.98,18,1.0,1.0,11,2.74,3.74,-393.5658,rejected,fails aggregate 4-tick slippage stress; one-day concentration risk; one-trade concentration risk; drawdown exceeds prefilter cap; negative validation split; negative holdout split
28,MNQ_vwap_reclaim_rejection_tf3_ed2a677c7b,"{""entry"":{""name"":""vwap_cross"",""params"":{""mode"":""both""}},""exit"":{""name"":""fixed_ticks"",""params"":{""stop_ticks"":40,""target_ticks"":60}},""family"":""vwap_reclaim_rejection"",""instrument"":""MNQ"",""notes"":""Deterministic AI-search proposal: VWAP reclaim/rejection confirmation."",""risk"":{""name"":""one_open_position"",""params"":{""max_trades_per_day"":2}},""timeframe"":3,""version"":1}",MNQ,vwap_reclaim_rejection,3,rejected,-94.8518,negative net PnL; negative validation PnL; negative holdout PnL; fails 4-tick slippage; one-day concentration risk; one-trade concentration risk; same-bar stop/target ambiguity present,-4460.900000000006,-1041.2200000000012,-879.7400000000009,-9365.900000000009,1635,853,0.946725860155383,0.3969418960244648,-2.72837920489297,0.7988287521240477,-4564.959999999831,-58.48,14,1.0,1.0,69,2.74,3.74,-394.6856,rejected,fails aggregate 4-tick slippage stress; one-day concentration risk; one-trade concentration risk; drawdown exceeds prefilter cap; negative validation split; negative holdout split
29,MNQ_prior_session_levels_tf1_462e339342,"{""entry"":{""name"":""prior_level_reaction"",""params"":{""mode"":""break_hold""}},""exit"":{""name"":""fixed_ticks"",""params"":{""stop_ticks"":40,""target_ticks"":60}},""family"":""prior_session_levels"",""instrument"":""MNQ"",""notes"":""Deterministic AI-search proposal: prior-session level reaction."",""risk"":{""name"":""one_open_position"",""params"":{""max_trades_per_day"":2}},""timeframe"":1,""version"":1}",MNQ,prior_session_levels,1,rejected,-93.9848,negative net PnL; negative validation PnL; negative holdout PnL; fails 4-tick slippage; one-day concentration risk; one-trade concentration risk; same-bar stop/target ambiguity present,-3525.840000000004,-786.660000000001,-2014.600000000001,-7998.840000000005,1491,765,0.8490566037735849,0.4077800134138162,-2.3647484909456766,0.8244140311806224,-3578.919999999965,-50.48,11,1.0,1.0,87,2.74,3.74,-394.8605,rejected,fails aggregate 4-tick slippage stress; one-day concentration risk; one-trade concentration risk; drawdown exceeds prefilter cap; negative validation split; negative holdout split
30,MNQ_prior_session_levels_tf3_4694771cc6,"{""entry"":{""name"":""prior_level_reaction"",""params"":{""mode"":""break_hold""}},""exit"":{""name"":""fixed_ticks"",""params"":{""stop_ticks"":40,""target_ticks"":60}},""family"":""prior_session_levels"",""instrument"":""MNQ"",""notes"":""Deterministic AI-search proposal: prior-session level reaction."",""risk"":{""name"":""one_open_position"",""params"":{""max_trades_per_day"":2}},""timeframe"":3,""version"":1}",MNQ,prior_session_levels,3,rejected,-96.6837,negative net PnL; negative validation PnL; negative holdout PnL; fails 4-tick slippage; one-day concentration risk; one-trade concentration risk; same-bar stop/target ambiguity present,-4058.260000000004,-849.700000000001,-1594.440000000001,-8480.260000000006,1474,749,0.8312985571587126,0.4002713704206241,-2.75322930800543,0.7979171563218297,-4062.7799999999065,-49.48,15,1.0,1.0,70,2.74,3.74,-395.7634,rejected,fails aggregate 4-tick slippage stress; one-day concentration risk; one-trade concentration risk; drawdown exceeds prefilter cap; negative validation split; negative holdout split
31,MNQ_opening_range_failure_tf1_bcf521bc49,"{""entry"":{""name"":""close_back_inside"",""params"":{""min_range"":10.0,""or_minutes"":20,""target"":""mid""}},""exit"":{""name"":""range_target"",""params"":{""target"":""mid""}},""family"":""opening_range_failure"",""instrument"":""MNQ"",""notes"":""Deterministic AI-search proposal: fade failed opening-range break after bar closes back inside."",""risk"":{""name"":""one_open_position"",""params"":{""max_trades_per_day"":1}},""timeframe"":1,""version"":1}",MNQ,opening_range_failure,1,rejected,-64.8975,negative net PnL; negative validation PnL; fails 4-tick slippage; one-day concentration risk; one-trade concentration risk; same-bar stop/target ambiguity present,-6276.409999999925,-3054.1799999999776,980.9199999999988,-8793.409999999925,839,839,0.9311875693673696,0.4851013110846245,-7.48082240762804,0.8372341678038282,-9626.949999999835,-374.5400000000029,12,1.0,1.0,3,2.74,3.74,-397.7819,rejected,fails aggregate 4-tick slippage stress; one-day concentration risk; one-trade concentration risk; drawdown exceeds prefilter cap; negative validation split
32,MNQ_opening_range_failure_tf1_61f4235e9e,"{""entry"":{""name"":""close_back_inside"",""params"":{""min_range"":10.0,""or_minutes"":15,""target"":""mid""}},""exit"":{""name"":""range_target"",""params"":{""target"":""mid""}},""family"":""opening_range_failure"",""instrument"":""MNQ"",""notes"":""Deterministic AI-search proposal: fade failed opening-range break after bar closes back inside."",""risk"":{""name"":""one_open_position"",""params"":{""max_trades_per_day"":2}},""timeframe"":1,""version"":1}",MNQ,opening_range_failure,1,rejected,-82.0277,negative net PnL; negative validation PnL; negative holdout PnL; fails 4-tick slippage; one-day concentration risk; one-trade concentration risk; same-bar stop/target ambiguity present,-5135.459999999954,-2364.265000000029,-13.324999999999363,-9512.459999999955,1459,839,0.9311875693673696,0.5140507196710076,-3.519849211788865,0.9061561531379786,-8105.849999999834,-562.4299999999971,16,1.0,1.0,4,2.74,3.74,-398.9224,rejected,fails aggregate 4-tick slippage stress; one-day concentration risk; one-trade concentration risk; drawdown exceeds prefilter cap; negative validation split; negative holdout split
33,MNQ_opening_range_failure_tf1_9ebc611b83,"{""entry"":{""name"":""close_back_inside"",""params"":{""min_range"":10.0,""or_minutes"":20,""target"":""mid""}},""exit"":{""name"":""range_target"",""params"":{""target"":""mid""}},""family"":""opening_range_failure"",""instrument"":""MNQ"",""notes"":""Deterministic AI-search proposal: fade failed opening-range break after bar closes back inside."",""risk"":{""name"":""one_open_position"",""params"":{""max_trades_per_day"":2}},""timeframe"":1,""version"":1}",MNQ,opening_range_failure,1,rejected,-64.7177,negative net PnL; negative validation PnL; fails 4-tick slippage; one-day concentration risk; one-trade concentration risk; same-bar stop/target ambiguity present,-7245.334999999904,-3373.139999999968,1041.445000000008,-11382.334999999905,1379,839,0.9311875693673696,0.4974619289340101,-5.254050036258088,0.8785383092492964,-10428.94999999974,-688.5800000000058,13,1.0,1.0,5,2.74,3.74,-400.2044,rejected,fails aggregate 4-tick slippage stress; one-day concentration risk; one-trade concentration risk; drawdown exceeds prefilter cap; negative validation split
34,MNQ_vwap_reclaim_rejection_tf1_a52d373916,"{""entry"":{""name"":""vwap_cross"",""params"":{""mode"":""both""}},""exit"":{""name"":""fixed_ticks"",""params"":{""stop_ticks"":40,""target_ticks"":60}},""family"":""vwap_reclaim_rejection"",""instrument"":""MNQ"",""notes"":""Deterministic AI-search proposal: VWAP reclaim/rejection confirmation."",""risk"":{""name"":""one_open_position"",""params"":{""max_trades_per_day"":2}},""timeframe"":1,""version"":1}",MNQ,vwap_reclaim_rejection,1,rejected,-99.6402,negative net PnL; negative validation PnL; negative holdout PnL; fails 4-tick slippage; one-day concentration risk; one-trade concentration risk; same-bar stop/target ambiguity present,-5147.060000000006,-1470.700000000001,-1250.1400000000012,-10154.060000000003,1669,858,0.9522752497225304,0.3924505692031156,-3.083918514080291,0.7764661124492199,-5239.179999999836,-50.98,15,1.0,1.0,86,2.74,3.74,-404.086,rejected,fails aggregate 4-tick slippage stress; one-day concentration risk; one-trade concentration risk; drawdown exceeds prefilter cap; negative validation split; negative holdout split
35,MNQ_opening_range_failure_tf1_73a02d0808,"{""entry"":{""name"":""close_back_inside"",""params"":{""min_range"":10.0,""or_minutes"":10,""target"":""mid""}},""exit"":{""name"":""range_target"",""params"":{""target"":""mid""}},""family"":""opening_range_failure"",""instrument"":""MNQ"",""notes"":""Deterministic AI-search proposal: fade failed opening-range break after bar closes back inside."",""risk"":{""name"":""one_open_position"",""params"":{""max_trades_per_day"":2}},""timeframe"":1,""version"":1}",MNQ,opening_range_failure,1,rejected,-99.1111,negative net PnL; negative validation PnL; negative holdout PnL; fails 4-tick slippage; one-day concentration risk; one-trade concentration risk; same-bar stop/target ambiguity present,-6436.675000000021,-727.67999999998,-1626.3700000000636,-11011.67500000002,1525,845,0.9378468368479468,0.5272131147540984,-4.220770491803292,0.8694113974893135,-9192.379999999848,-528.1299999999942,10,1.0,1.0,6,2.74,3.74,-407.0019,rejected,fails aggregate 4-tick slippage stress; one-day concentration risk; one-trade concentration risk; drawdown exceeds prefilter cap; negative validation split; negative holdout split
36,MNQ_vwap_reclaim_rejection_tf1_32b25dc034,"{""entry"":{""name"":""vwap_cross"",""params"":{""mode"":""rejection""}},""exit"":{""name"":""fixed_ticks"",""params"":{""stop_ticks"":60,""target_ticks"":90}},""family"":""vwap_reclaim_rejection"",""instrument"":""MNQ"",""notes"":""Deterministic AI-search proposal: VWAP reclaim/rejection confirmation."",""risk"":{""name"":""one_open_position"",""params"":{""max_trades_per_day"":2}},""timeframe"":1,""version"":1}",MNQ,vwap_reclaim_rejection,1,rejected,-99.0133,negative net PnL; negative validation PnL; negative holdout PnL; fails 4-tick slippage; one-day concentration risk; one-trade concentration risk; same-bar stop/target ambiguity present,-6236.300000000006,-2116.120000000001,-921.620000000001,-10946.300000000008,1570,836,0.9278579356270812,0.3821656050955414,-3.972165605095545,0.8023879613287154,-6287.079999999807,-72.48,13,1.0,1.0,22,2.74,3.74,-408.1678,rejected,fails aggregate 4-tick slippage stress; one-day concentration risk; one-trade concentration risk; drawdown exceeds prefilter cap; negative validation split; negative holdout split
37,MNQ_vwap_reclaim_rejection_tf1_43050300fc,"{""entry"":{""name"":""vwap_cross"",""params"":{""mode"":""rejection""}},""exit"":{""name"":""fixed_ticks"",""params"":{""stop_ticks"":40,""target_ticks"":60}},""family"":""vwap_reclaim_rejection"",""instrument"":""MNQ"",""notes"":""Deterministic AI-search proposal: VWAP reclaim/rejection confirmation."",""risk"":{""name"":""one_open_position"",""params"":{""max_trades_per_day"":2}},""timeframe"":1,""version"":1}",MNQ,vwap_reclaim_rejection,1,rejected,-100.9924,negative net PnL; negative validation PnL; negative holdout PnL; fails 4-tick slippage; one-day concentration risk; one-trade concentration risk; same-bar stop/target ambiguity present,-6394.700000000006,-1582.120000000001,-1374.860000000001,-11134.700000000006,1580,836,0.9278579356270812,0.3715189873417721,-4.047278481012662,0.7149908052923718,-6425.479999999804,-52.48,14,1.0,1.0,88,2.74,3.74,-409.421,rejected,fails aggregate 4-tick slippage stress; one-day concentration risk; one-trade concentration risk; drawdown exceeds prefilter cap; negative validation split; negative holdout split
38,MNQ_opening_range_failure_tf1_17f9ca41b0,"{""entry"":{""name"":""close_back_inside"",""params"":{""min_range"":10.0,""or_minutes"":10,""target"":""opposite""}},""exit"":{""name"":""range_target"",""params"":{""target"":""opposite""}},""family"":""opening_range_failure"",""instrument"":""MNQ"",""notes"":""Deterministic AI-search proposal: fade failed opening-range break after bar closes back inside."",""risk"":{""name"":""one_open_position"",""params"":{""max_trades_per_day"":2}},""timeframe"":1,""version"":1}",MNQ,opening_range_failure,1,rejected,-92.1393,negative net PnL; negative validation PnL; negative holdout PnL; fails 4-tick slippage; one-day concentration risk; one-trade concentration risk,-7930.39999999998,-3288.0149999999867,-402.0150000000549,-12310.39999999998,1460,845,0.9378468368479468,0.3273972602739726,-5.431780821917794,0.8861297526943389,-12162.454999999794,-528.1299999999942,14,1.0,1.0,0,2.74,3.74,-413.8073,rejected,fails aggregate 4-tick slippage stress; one-day concentration risk; one-trade concentration risk; drawdown exceeds prefilter cap; negative validation split; negative holdout split
39,MNQ_opening_range_failure_tf1_20d354e90e,"{""entry"":{""name"":""close_back_inside"",""params"":{""min_range"":10.0,""or_minutes"":15,""target"":""opposite""}},""exit"":{""name"":""range_target"",""params"":{""target"":""opposite""}},""family"":""opening_range_failure"",""instrument"":""MNQ"",""notes"":""Deterministic AI-search proposal: fade failed opening-range break after bar closes back inside."",""risk"":{""name"":""one_open_position"",""params"":{""max_trades_per_day"":2}},""timeframe"":1,""version"":1}",MNQ,opening_range_failure,1,rejected,-98.0516,negative net PnL; negative validation PnL; negative holdout PnL; fails 4-tick slippage; one-day concentration risk; one-trade concentration risk,-9294.679999999951,-3675.16000000004,-779.3299999999876,-13410.679999999951,1372,839,0.9311875693673696,0.3141399416909621,-6.774548104956232,0.8747520557809818,-12469.519999999791,-562.4299999999971,16,1.0,1.0,0,2.74,3.74,-417.0346,rejected,fails aggregate 4-tick slippage stress; one-day concentration risk; one-trade concentration risk; drawdown exceeds prefilter cap; negative validation split; negative holdout split
40,MNQ_prior_session_levels_tf5_a5f33961dc,"{""entry"":{""name"":""prior_level_reaction"",""params"":{""mode"":""sweep_reverse""}},""exit"":{""name"":""fixed_ticks"",""params"":{""stop_ticks"":40,""target_ticks"":60}},""family"":""prior_session_levels"",""instrument"":""MNQ"",""notes"":""Deterministic AI-search proposal: prior-session level reaction."",""risk"":{""name"":""one_open_position"",""params"":{""max_trades_per_day"":2}},""timeframe"":5,""version"":1}",MNQ,prior_session_levels,5,rejected,-106.8476,negative net PnL; negative validation PnL; negative holdout PnL; fails 4-tick slippage; one-day concentration risk; one-trade concentration risk; same-bar stop/target ambiguity present,-6914.540000000004,-2039.4800000000012,-2135.7599999999993,-9827.540000000005,971,554,0.6148723640399556,0.29660144181256437,-7.121050463439756,0.7708628127524735,-8195.05999999991,-343.48,16,1.0,1.0,15,2.74,3.74,-420.869,rejected,fails aggregate 4-tick slippage stress; one-day concentration risk; one-trade concentration risk; drawdown exceeds prefilter cap; negative validation split; negative holdout split
