portfolio_set,portfolio_mode,signals,signal_keys,net_pnl,stress_pnl,validation_pnl,holdout_pnl,walk_forward_test_pnl,walk_forward_stress_pnl,positive_wf_test_folds_pct,worst_wf_test_fold,trades,active_days,trades_per_active_day,max_drawdown,best_day_concentration,best_trade_concentration,top_3_day_concentration,top_5_trade_concentration,average_pairwise_daily_correlation,max_pairwise_daily_correlation,trade_overlap_count,skipped_overlap_count,skipped_session_count,phase16a_net_contribution,phase16a_trade_count,phase16a_active_days,phase16a_days_existing_no_trade,phase16a_days_existing_negative_pnl,incremental_active_days_from_phase16a,phase16a_weak_fold_days_helped,phase16a_weak_fold_days_hurt,phase16a_high_vol_mixed_days_helped,phase16a_high_vol_mixed_days_hurt,rare_module_net_contribution,rare_module_active_days,rare_module_overlap_count,fold_delta_vs_scheduler_d_best,concentration_delta_vs_scheduler_d_best,activity_delta_vs_scheduler_d_best,drawdown_delta_vs_scheduler_d_best,official_gates_passed,portfolio_label,research_status,paper_trading_approved
scheduler_d_best_reconstructed,raw_sum_diagnostic,8,phase13a::MNQ_13a_prior_rth_high_low_breakout_long_close_confirm_fill_next_open_structure_target_time_exit;phase14a::MNQ_14a_prior_rth_midpoint_rejection_from_level_short_close_confirm_fill_next_open_structure_target_time_exit;phase14a::MNQ_14a_prior_rth_close_rejection_from_level_long_two_bar_confirm_fill_next_open_structure_target_time_exit;phase15a::MNQ_15a_trend_day_late_pullback_continuation_short_ema20_pullback_resume_close_confirm_fill_next_open_hard_stop_time_exit;phase15a::MNQ_15a_power_hour_continuation_long_power_range_breakout_continuation_close_confirm_fill_next_open_hard_stop_time_exit;phase10b::MNQ_10b_secondary_long_opening_fade_overnight_range_fade_long_tf5_opening_response_all_ranges_all_gaps_all_touches_mt1;phase10b::MNQ_10b_primary_short_midday_breakout_overnight_range_breakout_short_tf15_midday_response_exclude_widest_20_all_gaps_first_touch_only_mt1;phase10b::MNQ_10b_secondary_long_opening_fade_overnight_range_fade_long_tf15_opening_response_all_ranges_all_gaps_all_touches_mt2,6560.83,5975.83,3750.32,5595.43,6560.83,6323.83,0.5,-1154.96,585,237,2.468354,-3432.74,0.275011,0.094616,0.5208,0.415161,0.098218,0.628128,118,0,0,0.0,0,0,0,0,0,0,0,0,0,1109.11,102,0,0.0,0.0,0.0,0.0,False,portfolio_e_positive_but_concentrated,portfolio_still_nontradable,False
scheduler_d_best_reconstructed,one_trade_at_a_time_chronological,8,phase13a::MNQ_13a_prior_rth_high_low_breakout_long_close_confirm_fill_next_open_structure_target_time_exit;phase14a::MNQ_14a_prior_rth_midpoint_rejection_from_level_short_close_confirm_fill_next_open_structure_target_time_exit;phase14a::MNQ_14a_prior_rth_close_rejection_from_level_long_two_bar_confirm_fill_next_open_structure_target_time_exit;phase15a::MNQ_15a_trend_day_late_pullback_continuation_short_ema20_pullback_resume_close_confirm_fill_next_open_hard_stop_time_exit;phase15a::MNQ_15a_power_hour_continuation_long_power_range_breakout_continuation_close_confirm_fill_next_open_hard_stop_time_exit;phase10b::MNQ_10b_secondary_long_opening_fade_overnight_range_fade_long_tf5_opening_response_all_ranges_all_gaps_all_touches_mt1;phase10b::MNQ_10b_primary_short_midday_breakout_overnight_range_breakout_short_tf15_midday_response_exclude_widest_20_all_gaps_first_touch_only_mt1;phase10b::MNQ_10b_secondary_long_opening_fade_overnight_range_fade_long_tf15_opening_response_all_ranges_all_gaps_all_touches_mt2,5190.42,4694.42,2435.77,4674.63,5190.42,4953.42,0.5,-854.15,496,237,2.092827,-2170.36,0.14195,0.111891,0.377542,0.467746,0.098218,0.628128,0,89,0,0.0,0,0,0,0,0,0,0,0,0,1109.11,102,0,0.0,0.0,0.0,0.0,False,portfolio_e_positive_but_concentrated,portfolio_still_nontradable,False
scheduler_d_best_reconstructed,max_one_trade_per_session,8,phase13a::MNQ_13a_prior_rth_high_low_breakout_long_close_confirm_fill_next_open_structure_target_time_exit;phase14a::MNQ_14a_prior_rth_midpoint_rejection_from_level_short_close_confirm_fill_next_open_structure_target_time_exit;phase14a::MNQ_14a_prior_rth_close_rejection_from_level_long_two_bar_confirm_fill_next_open_structure_target_time_exit;phase15a::MNQ_15a_trend_day_late_pullback_continuation_short_ema20_pullback_resume_close_confirm_fill_next_open_hard_stop_time_exit;phase15a::MNQ_15a_power_hour_continuation_long_power_range_breakout_continuation_close_confirm_fill_next_open_hard_stop_time_exit;phase10b::MNQ_10b_secondary_long_opening_fade_overnight_range_fade_long_tf5_opening_response_all_ranges_all_gaps_all_touches_mt1;phase10b::MNQ_10b_primary_short_midday_breakout_overnight_range_breakout_short_tf15_midday_response_exclude_widest_20_all_gaps_first_touch_only_mt1;phase10b::MNQ_10b_secondary_long_opening_fade_overnight_range_fade_long_tf15_opening_response_all_ranges_all_gaps_all_touches_mt2,1538.95,1301.95,1737.6,2209.56,1538.95,1301.95,0.5,-1800.29,237,237,1.0,-2848.96,0.377374,0.377374,0.919965,1.309204,0.098218,0.628128,0,0,348,0.0,0,0,0,0,0,0,0,0,0,102.93,7,0,0.0,0.0,0.0,0.0,False,portfolio_e_positive_but_concentrated,portfolio_still_nontradable,False
scheduler_d_best_plus_phase16a,raw_sum_diagnostic,11,phase13a::MNQ_13a_prior_rth_high_low_breakout_long_close_confirm_fill_next_open_structure_target_time_exit;phase14a::MNQ_14a_prior_rth_midpoint_rejection_from_level_short_close_confirm_fill_next_open_structure_target_time_exit;phase14a::MNQ_14a_prior_rth_close_rejection_from_level_long_two_bar_confirm_fill_next_open_structure_target_time_exit;phase15a::MNQ_15a_trend_day_late_pullback_continuation_short_ema20_pullback_resume_close_confirm_fill_next_open_hard_stop_time_exit;phase15a::MNQ_15a_power_hour_continuation_long_power_range_breakout_continuation_close_confirm_fill_next_open_hard_stop_time_exit;phase10b::MNQ_10b_secondary_long_opening_fade_overnight_range_fade_long_tf5_opening_response_all_ranges_all_gaps_all_touches_mt1;phase10b::MNQ_10b_primary_short_midday_breakout_overnight_range_breakout_short_tf15_midday_response_exclude_widest_20_all_gaps_first_touch_only_mt1;phase10b::MNQ_10b_secondary_long_opening_fade_overnight_range_fade_long_tf15_opening_response_all_ranges_all_gaps_all_touches_mt2;phase16a::MNQ_16a_high_vol_mixed_late_resolution_breakout_long_broad_high_vol_mixed_close_confirm_fill_next_open_structure_target_time_exit;phase16a::MNQ_16a_high_vol_mixed_late_resolution_breakout_long_broad_high_vol_mixed_close_confirm_fill_next_open_hard_stop_time_exit;phase16a::MNQ_16a_high_vol_mixed_late_resolution_breakout_long_broad_high_vol_mixed_two_bar_confirm_fill_next_open_hard_stop_time_exit,7669.89,6997.89,4219.46,6896.22,7669.89,7431.89,0.5,-1730.04,672,238,2.823529,-3937.89,0.276188,0.080935,0.530902,0.355129,0.129736,0.756501,195,0,0,1109.06,87,30,1,12,1,14,16,11,11,2218.17,121,72,0.0,0.001177,1.0,-505.15,False,portfolio_e_positive_but_concentrated,portfolio_still_nontradable,False
scheduler_d_best_plus_phase16a,one_trade_at_a_time_chronological,11,phase13a::MNQ_13a_prior_rth_high_low_breakout_long_close_confirm_fill_next_open_structure_target_time_exit;phase14a::MNQ_14a_prior_rth_midpoint_rejection_from_level_short_close_confirm_fill_next_open_structure_target_time_exit;phase14a::MNQ_14a_prior_rth_close_rejection_from_level_long_two_bar_confirm_fill_next_open_structure_target_time_exit;phase15a::MNQ_15a_trend_day_late_pullback_continuation_short_ema20_pullback_resume_close_confirm_fill_next_open_hard_stop_time_exit;phase15a::MNQ_15a_power_hour_continuation_long_power_range_breakout_continuation_close_confirm_fill_next_open_hard_stop_time_exit;phase10b::MNQ_10b_secondary_long_opening_fade_overnight_range_fade_long_tf5_opening_response_all_ranges_all_gaps_all_touches_mt1;phase10b::MNQ_10b_primary_short_midday_breakout_overnight_range_breakout_short_tf15_midday_response_exclude_widest_20_all_gaps_first_touch_only_mt1;phase10b::MNQ_10b_secondary_long_opening_fade_overnight_range_fade_long_tf15_opening_response_all_ranges_all_gaps_all_touches_mt2;phase16a::MNQ_16a_high_vol_mixed_late_resolution_breakout_long_broad_high_vol_mixed_close_confirm_fill_next_open_structure_target_time_exit;phase16a::MNQ_16a_high_vol_mixed_late_resolution_breakout_long_broad_high_vol_mixed_close_confirm_fill_next_open_hard_stop_time_exit;phase16a::MNQ_16a_high_vol_mixed_late_resolution_breakout_long_broad_high_vol_mixed_two_bar_confirm_fill_next_open_hard_stop_time_exit,5329.11,4800.11,2596.54,4981.49,5329.11,5091.11,0.5,-792.11,529,238,2.222689,-2422.81,0.161479,0.108979,0.394696,0.455573,0.129736,0.756501,0,143,0,106.97,36,30,1,12,1,13,17,11,11,1285.56,121,0,0.0,0.019529,1.0,-252.45,False,portfolio_e_positive_but_concentrated,portfolio_still_nontradable,False
scheduler_d_best_plus_phase16a,max_one_trade_per_session,11,phase13a::MNQ_13a_prior_rth_high_low_breakout_long_close_confirm_fill_next_open_structure_target_time_exit;phase14a::MNQ_14a_prior_rth_midpoint_rejection_from_level_short_close_confirm_fill_next_open_structure_target_time_exit;phase14a::MNQ_14a_prior_rth_close_rejection_from_level_long_two_bar_confirm_fill_next_open_structure_target_time_exit;phase15a::MNQ_15a_trend_day_late_pullback_continuation_short_ema20_pullback_resume_close_confirm_fill_next_open_hard_stop_time_exit;phase15a::MNQ_15a_power_hour_continuation_long_power_range_breakout_continuation_close_confirm_fill_next_open_hard_stop_time_exit;phase10b::MNQ_10b_secondary_long_opening_fade_overnight_range_fade_long_tf5_opening_response_all_ranges_all_gaps_all_touches_mt1;phase10b::MNQ_10b_primary_short_midday_breakout_overnight_range_breakout_short_tf15_midday_response_exclude_widest_20_all_gaps_first_touch_only_mt1;phase10b::MNQ_10b_secondary_long_opening_fade_overnight_range_fade_long_tf15_opening_response_all_ranges_all_gaps_all_touches_mt2;phase16a::MNQ_16a_high_vol_mixed_late_resolution_breakout_long_broad_high_vol_mixed_close_confirm_fill_next_open_structure_target_time_exit;phase16a::MNQ_16a_high_vol_mixed_late_resolution_breakout_long_broad_high_vol_mixed_close_confirm_fill_next_open_hard_stop_time_exit;phase16a::MNQ_16a_high_vol_mixed_late_resolution_breakout_long_broad_high_vol_mixed_two_bar_confirm_fill_next_open_hard_stop_time_exit,1537.15,1299.15,1815.36,2184.81,1537.15,1299.15,0.5,-1855.1,238,238,1.0,-2903.77,0.377816,0.377816,0.921042,1.310737,0.129736,0.756501,0,0,434,98.47,3,3,1,1,3,2,1,2,0,201.4,10,0,0.0,0.000442,1.0,-54.81,False,portfolio_e_positive_but_concentrated,portfolio_still_nontradable,False
portfolio_d_best_plus_phase16a,raw_sum_diagnostic,13,phase15a::MNQ_15a_trend_day_late_pullback_continuation_short_ema20_pullback_resume_close_confirm_fill_next_open_hard_stop_time_exit;phase12a::MNQ_12a_odpullback_long_first_pullback_OD15_ema20_retest_two_bar_resume_fill_next_open_hard_stop_time_exit;phase10b::MNQ_10b_primary_short_midday_breakout_overnight_range_breakout_short_tf15_midday_response_exclude_widest_20_all_gaps_first_touch_only_mt1;phase15a::MNQ_15a_power_hour_continuation_long_power_range_breakout_continuation_close_confirm_fill_next_open_hard_stop_time_exit;phase14a::MNQ_14a_prior_rth_close_rejection_from_level_long_two_bar_confirm_fill_next_open_structure_target_time_exit;phase11a::MNQ_11a_orfade_long_low_fade_OR5_opening_response_two_bar_inside_fill_next_open_hard_stop_time_exit;phase11a::MNQ_11a_orfade_long_low_fade_OR5_midday_response_close_back_inside_fill_next_open_hard_stop_time_exit;phase11a::MNQ_11a_orfade_short_high_fade_OR30_opening_response_two_bar_inside_fill_next_open_hard_stop_time_exit;phase14a::MNQ_14a_prior_rth_midpoint_rejection_from_level_short_close_confirm_fill_next_open_structure_target_time_exit;phase10b::MNQ_10b_secondary_long_opening_fade_overnight_range_fade_long_tf5_opening_response_all_ranges_all_gaps_all_touches_mt1;phase16a::MNQ_16a_high_vol_mixed_late_resolution_breakout_long_broad_high_vol_mixed_close_confirm_fill_next_open_structure_target_time_exit;phase16a::MNQ_16a_high_vol_mixed_late_resolution_breakout_long_broad_high_vol_mixed_close_confirm_fill_next_open_hard_stop_time_exit;phase16a::MNQ_16a_high_vol_mixed_late_resolution_breakout_long_broad_high_vol_mixed_two_bar_confirm_fill_next_open_hard_stop_time_exit,8577.7,7715.7,2689.68,8280.64,8577.7,8331.7,0.5,-714.05,862,246,3.504065,-2611.45,0.146201,0.086475,0.354257,0.353859,0.101039,0.756501,190,0,0,1109.06,87,30,1,13,1,14,16,11,11,2900.3,151,74,0.0,-0.12881,9.0,821.29,False,portfolio_e_positive_but_concentrated,phase16a_reduces_concentration,False
portfolio_d_best_plus_phase16a,one_trade_at_a_time_chronological,13,phase15a::MNQ_15a_trend_day_late_pullback_continuation_short_ema20_pullback_resume_close_confirm_fill_next_open_hard_stop_time_exit;phase12a::MNQ_12a_odpullback_long_first_pullback_OD15_ema20_retest_two_bar_resume_fill_next_open_hard_stop_time_exit;phase10b::MNQ_10b_primary_short_midday_breakout_overnight_range_breakout_short_tf15_midday_response_exclude_widest_20_all_gaps_first_touch_only_mt1;phase15a::MNQ_15a_power_hour_continuation_long_power_range_breakout_continuation_close_confirm_fill_next_open_hard_stop_time_exit;phase14a::MNQ_14a_prior_rth_close_rejection_from_level_long_two_bar_confirm_fill_next_open_structure_target_time_exit;phase11a::MNQ_11a_orfade_long_low_fade_OR5_opening_response_two_bar_inside_fill_next_open_hard_stop_time_exit;phase11a::MNQ_11a_orfade_long_low_fade_OR5_midday_response_close_back_inside_fill_next_open_hard_stop_time_exit;phase11a::MNQ_11a_orfade_short_high_fade_OR30_opening_response_two_bar_inside_fill_next_open_hard_stop_time_exit;phase14a::MNQ_14a_prior_rth_midpoint_rejection_from_level_short_close_confirm_fill_next_open_structure_target_time_exit;phase10b::MNQ_10b_secondary_long_opening_fade_overnight_range_fade_long_tf5_opening_response_all_ranges_all_gaps_all_touches_mt1;phase16a::MNQ_16a_high_vol_mixed_late_resolution_breakout_long_broad_high_vol_mixed_close_confirm_fill_next_open_structure_target_time_exit;phase16a::MNQ_16a_high_vol_mixed_late_resolution_breakout_long_broad_high_vol_mixed_close_confirm_fill_next_open_hard_stop_time_exit;phase16a::MNQ_16a_high_vol_mixed_late_resolution_breakout_long_broad_high_vol_mixed_two_bar_confirm_fill_next_open_hard_stop_time_exit,8189.06,7476.06,2050.35,7587.29,8189.06,7943.06,0.666667,-849.77,713,246,2.898374,-1944.18,0.113725,0.090579,0.287074,0.351359,0.101039,0.756501,0,149,0,90.73,37,30,1,13,1,13,17,11,11,1826.43,149,0,0.166667,-0.028225,9.0,226.18,False,portfolio_e_positive_but_concentrated,phase16a_reduces_concentration,False
portfolio_d_best_plus_phase16a,max_one_trade_per_session,13,phase15a::MNQ_15a_trend_day_late_pullback_continuation_short_ema20_pullback_resume_close_confirm_fill_next_open_hard_stop_time_exit;phase12a::MNQ_12a_odpullback_long_first_pullback_OD15_ema20_retest_two_bar_resume_fill_next_open_hard_stop_time_exit;phase10b::MNQ_10b_primary_short_midday_breakout_overnight_range_breakout_short_tf15_midday_response_exclude_widest_20_all_gaps_first_touch_only_mt1;phase15a::MNQ_15a_power_hour_continuation_long_power_range_breakout_continuation_close_confirm_fill_next_open_hard_stop_time_exit;phase14a::MNQ_14a_prior_rth_close_rejection_from_level_long_two_bar_confirm_fill_next_open_structure_target_time_exit;phase11a::MNQ_11a_orfade_long_low_fade_OR5_opening_response_two_bar_inside_fill_next_open_hard_stop_time_exit;phase11a::MNQ_11a_orfade_long_low_fade_OR5_midday_response_close_back_inside_fill_next_open_hard_stop_time_exit;phase11a::MNQ_11a_orfade_short_high_fade_OR30_opening_response_two_bar_inside_fill_next_open_hard_stop_time_exit;phase14a::MNQ_14a_prior_rth_midpoint_rejection_from_level_short_close_confirm_fill_next_open_structure_target_time_exit;phase10b::MNQ_10b_secondary_long_opening_fade_overnight_range_fade_long_tf5_opening_response_all_ranges_all_gaps_all_touches_mt1;phase16a::MNQ_16a_high_vol_mixed_late_resolution_breakout_long_broad_high_vol_mixed_close_confirm_fill_next_open_structure_target_time_exit;phase16a::MNQ_16a_high_vol_mixed_late_resolution_breakout_long_broad_high_vol_mixed_close_confirm_fill_next_open_hard_stop_time_exit;phase16a::MNQ_16a_high_vol_mixed_late_resolution_breakout_long_broad_high_vol_mixed_two_bar_confirm_fill_next_open_hard_stop_time_exit,3676.28,3430.28,1342.01,4559.34,3676.28,3430.28,0.5,-868.34,246,246,1.0,-2585.66,0.201769,0.201769,0.520167,0.752201,0.101039,0.756501,0,0,616,-32.24,1,1,1,0,1,0,1,0,1,834.43,28,0,0.0,-0.175605,9.0,263.3,False,portfolio_e_positive_but_concentrated,phase16a_reduces_concentration,False
top_cross_family_plus_13a_14a_15a_16a,raw_sum_diagnostic,13,phase10b::MNQ_10b_primary_short_midday_breakout_overnight_range_breakout_short_tf15_midday_response_exclude_widest_20_all_gaps_all_touches_mt1;phase11a::MNQ_11a_orfade_long_low_fade_OR5_opening_response_close_back_inside_fill_next_open_hard_stop_time_exit;phase12a::MNQ_12a_odpullback_long_first_pullback_OD15_ema20_retest_two_bar_resume_fill_next_open_hard_stop_time_exit;phase13a::MNQ_13a_prior_rth_high_low_breakout_long_close_confirm_fill_next_open_hard_stop_time_exit;phase13a::MNQ_13a_prior_rth_high_low_breakout_long_close_confirm_fill_next_open_structure_target_time_exit;phase14a::MNQ_14a_prior_rth_midpoint_rejection_from_level_short_close_confirm_fill_next_open_structure_target_time_exit;phase14a::MNQ_14a_prior_rth_close_rejection_from_level_long_two_bar_confirm_fill_next_open_structure_target_time_exit;phase15a::MNQ_15a_trend_day_late_pullback_continuation_short_ema20_pullback_resume_close_confirm_fill_next_open_hard_stop_time_exit;phase15a::MNQ_15a_power_hour_continuation_long_power_range_breakout_continuation_close_confirm_fill_next_open_hard_stop_time_exit;phase15a::MNQ_15a_power_hour_continuation_long_power_range_edge_retest_resume_close_confirm_fill_next_open_hard_stop_time_exit;phase16a::MNQ_16a_high_vol_mixed_late_resolution_breakout_long_broad_high_vol_mixed_close_confirm_fill_next_open_structure_target_time_exit;phase16a::MNQ_16a_high_vol_mixed_late_resolution_breakout_long_broad_high_vol_mixed_close_confirm_fill_next_open_hard_stop_time_exit;phase16a::MNQ_16a_high_vol_mixed_late_resolution_breakout_long_broad_high_vol_mixed_two_bar_confirm_fill_next_open_hard_stop_time_exit,9608.05,8674.05,5323.7,6029.16,9608.05,9361.05,0.666667,-1491.42,934,247,3.781377,-3349.91,0.129769,0.094271,0.334648,0.335219,0.129905,1.0,379,0,0,1109.06,87,30,0,16,0,14,16,11,11,3050.3,151,119,0.166667,-0.145242,10.0,82.83,False,portfolio_e_positive_but_concentrated,phase16a_reduces_concentration,False
top_cross_family_plus_13a_14a_15a_16a,one_trade_at_a_time_chronological,13,phase10b::MNQ_10b_primary_short_midday_breakout_overnight_range_breakout_short_tf15_midday_response_exclude_widest_20_all_gaps_all_touches_mt1;phase11a::MNQ_11a_orfade_long_low_fade_OR5_opening_response_close_back_inside_fill_next_open_hard_stop_time_exit;phase12a::MNQ_12a_odpullback_long_first_pullback_OD15_ema20_retest_two_bar_resume_fill_next_open_hard_stop_time_exit;phase13a::MNQ_13a_prior_rth_high_low_breakout_long_close_confirm_fill_next_open_hard_stop_time_exit;phase13a::MNQ_13a_prior_rth_high_low_breakout_long_close_confirm_fill_next_open_structure_target_time_exit;phase14a::MNQ_14a_prior_rth_midpoint_rejection_from_level_short_close_confirm_fill_next_open_structure_target_time_exit;phase14a::MNQ_14a_prior_rth_close_rejection_from_level_long_two_bar_confirm_fill_next_open_structure_target_time_exit;phase15a::MNQ_15a_trend_day_late_pullback_continuation_short_ema20_pullback_resume_close_confirm_fill_next_open_hard_stop_time_exit;phase15a::MNQ_15a_power_hour_continuation_long_power_range_breakout_continuation_close_confirm_fill_next_open_hard_stop_time_exit;phase15a::MNQ_15a_power_hour_continuation_long_power_range_edge_retest_resume_close_confirm_fill_next_open_hard_stop_time_exit;phase16a::MNQ_16a_high_vol_mixed_late_resolution_breakout_long_broad_high_vol_mixed_close_confirm_fill_next_open_structure_target_time_exit;phase16a::MNQ_16a_high_vol_mixed_late_resolution_breakout_long_broad_high_vol_mixed_close_confirm_fill_next_open_hard_stop_time_exit;phase16a::MNQ_16a_high_vol_mixed_late_resolution_breakout_long_broad_high_vol_mixed_two_bar_confirm_fill_next_open_hard_stop_time_exit,6877.51,6233.51,2240.55,4369.83,6877.51,6630.51,0.666667,-1433.23,644,247,2.607287,-1670.81,0.206147,0.131699,0.449887,0.468309,0.129905,1.0,0,290,0,133.21,35,30,0,16,0,13,17,11,11,1128.97,148,0,0.166667,0.064197,10.0,499.55,False,portfolio_e_positive_but_concentrated,portfolio_still_nontradable,False
top_cross_family_plus_13a_14a_15a_16a,max_one_trade_per_session,13,phase10b::MNQ_10b_primary_short_midday_breakout_overnight_range_breakout_short_tf15_midday_response_exclude_widest_20_all_gaps_all_touches_mt1;phase11a::MNQ_11a_orfade_long_low_fade_OR5_opening_response_close_back_inside_fill_next_open_hard_stop_time_exit;phase12a::MNQ_12a_odpullback_long_first_pullback_OD15_ema20_retest_two_bar_resume_fill_next_open_hard_stop_time_exit;phase13a::MNQ_13a_prior_rth_high_low_breakout_long_close_confirm_fill_next_open_hard_stop_time_exit;phase13a::MNQ_13a_prior_rth_high_low_breakout_long_close_confirm_fill_next_open_structure_target_time_exit;phase14a::MNQ_14a_prior_rth_midpoint_rejection_from_level_short_close_confirm_fill_next_open_structure_target_time_exit;phase14a::MNQ_14a_prior_rth_close_rejection_from_level_long_two_bar_confirm_fill_next_open_structure_target_time_exit;phase15a::MNQ_15a_trend_day_late_pullback_continuation_short_ema20_pullback_resume_close_confirm_fill_next_open_hard_stop_time_exit;phase15a::MNQ_15a_power_hour_continuation_long_power_range_breakout_continuation_close_confirm_fill_next_open_hard_stop_time_exit;phase15a::MNQ_15a_power_hour_continuation_long_power_range_edge_retest_resume_close_confirm_fill_next_open_hard_stop_time_exit;phase16a::MNQ_16a_high_vol_mixed_late_resolution_breakout_long_broad_high_vol_mixed_close_confirm_fill_next_open_structure_target_time_exit;phase16a::MNQ_16a_high_vol_mixed_late_resolution_breakout_long_broad_high_vol_mixed_close_confirm_fill_next_open_hard_stop_time_exit;phase16a::MNQ_16a_high_vol_mixed_late_resolution_breakout_long_broad_high_vol_mixed_two_bar_confirm_fill_next_open_hard_stop_time_exit,2414.65,2167.65,1498.06,1817.31,2414.65,2167.65,0.5,-1067.44,247,247,1.0,-1564.49,0.257081,0.257081,0.601238,0.925517,0.129905,1.0,0,0,687,88.76,1,1,0,0,1,1,0,1,0,47.45,16,0,0.0,-0.120293,10.0,1284.47,False,portfolio_e_positive_but_concentrated,phase16a_reduces_concentration,False
rare_modules_only,raw_sum_diagnostic,13,phase16a::MNQ_16a_high_vol_mixed_late_resolution_breakout_long_broad_high_vol_mixed_close_confirm_fill_next_open_structure_target_time_exit;phase16a::MNQ_16a_high_vol_mixed_late_resolution_breakout_long_broad_high_vol_mixed_close_confirm_fill_next_open_hard_stop_time_exit;phase16a::MNQ_16a_high_vol_mixed_late_resolution_breakout_long_broad_high_vol_mixed_two_bar_confirm_fill_next_open_hard_stop_time_exit;phase15a::MNQ_15a_trend_day_late_pullback_continuation_short_ema20_pullback_resume_close_confirm_fill_next_open_hard_stop_time_exit;phase15a::MNQ_15a_power_hour_continuation_long_power_range_breakout_continuation_close_confirm_fill_next_open_hard_stop_time_exit;phase15a::MNQ_15a_power_hour_continuation_long_power_range_edge_retest_resume_close_confirm_fill_next_open_hard_stop_time_exit;phase12a::MNQ_12a_odpullback_long_first_pullback_OD15_ema20_retest_two_bar_resume_fill_next_open_hard_stop_time_exit;phase10b::MNQ_10b_primary_short_midday_breakout_overnight_range_breakout_short_tf15_midday_response_middle_60_only_all_gaps_all_touches_mt1;phase10b::MNQ_10b_primary_short_midday_breakout_overnight_range_breakout_short_tf15_midday_response_middle_60_only_all_gaps_all_touches_mt2;phase10b::MNQ_10b_secondary_long_opening_fade_overnight_range_fade_long_tf5_opening_response_exclude_narrowest_20_all_gaps_all_touches_mt1;phase10b::MNQ_10b_secondary_long_opening_fade_overnight_range_fade_long_tf5_opening_response_exclude_narrowest_20_all_gaps_all_touches_mt2;phase10b::MNQ_10b_primary_short_midday_breakout_overnight_range_breakout_short_tf15_midday_response_middle_60_only_all_gaps_first_touch_only_mt1;phase10b::MNQ_10b_primary_short_midday_breakout_overnight_range_breakout_short_tf15_midday_response_middle_60_only_all_gaps_first_touch_only_mt2,15258.34,14654.34,3844.48,9795.27,15258.34,15071.34,0.666667,-1589.57,604,187,3.229947,-3254.17,0.15164,0.059362,0.369891,0.227764,0.184765,1.0,350,0,0,1109.06,87,30,7,14,7,14,16,11,11,15258.34,187,350,0.166667,-0.123371,-50.0,178.57,False,portfolio_e_positive_but_concentrated,phase16a_reduces_concentration,False
rare_modules_only,one_trade_at_a_time_chronological,13,phase16a::MNQ_16a_high_vol_mixed_late_resolution_breakout_long_broad_high_vol_mixed_close_confirm_fill_next_open_structure_target_time_exit;phase16a::MNQ_16a_high_vol_mixed_late_resolution_breakout_long_broad_high_vol_mixed_close_confirm_fill_next_open_hard_stop_time_exit;phase16a::MNQ_16a_high_vol_mixed_late_resolution_breakout_long_broad_high_vol_mixed_two_bar_confirm_fill_next_open_hard_stop_time_exit;phase15a::MNQ_15a_trend_day_late_pullback_continuation_short_ema20_pullback_resume_close_confirm_fill_next_open_hard_stop_time_exit;phase15a::MNQ_15a_power_hour_continuation_long_power_range_breakout_continuation_close_confirm_fill_next_open_hard_stop_time_exit;phase15a::MNQ_15a_power_hour_continuation_long_power_range_edge_retest_resume_close_confirm_fill_next_open_hard_stop_time_exit;phase12a::MNQ_12a_odpullback_long_first_pullback_OD15_ema20_retest_two_bar_resume_fill_next_open_hard_stop_time_exit;phase10b::MNQ_10b_primary_short_midday_breakout_overnight_range_breakout_short_tf15_midday_response_middle_60_only_all_gaps_all_touches_mt1;phase10b::MNQ_10b_primary_short_midday_breakout_overnight_range_breakout_short_tf15_midday_response_middle_60_only_all_gaps_all_touches_mt2;phase10b::MNQ_10b_secondary_long_opening_fade_overnight_range_fade_long_tf5_opening_response_exclude_narrowest_20_all_gaps_all_touches_mt1;phase10b::MNQ_10b_secondary_long_opening_fade_overnight_range_fade_long_tf5_opening_response_exclude_narrowest_20_all_gaps_all_touches_mt2;phase10b::MNQ_10b_primary_short_midday_breakout_overnight_range_breakout_short_tf15_midday_response_middle_60_only_all_gaps_first_touch_only_mt1;phase10b::MNQ_10b_primary_short_midday_breakout_overnight_range_breakout_short_tf15_midday_response_middle_60_only_all_gaps_first_touch_only_mt2,3481.62,3111.62,805.68,3912.68,3481.62,3294.62,0.5,-1789.05,370,187,1.97861,-2475.04,0.404415,0.260155,0.746227,0.831165,0.184765,1.0,0,234,0,90.73,37,30,7,14,7,13,17,11,11,3481.62,187,0,0.0,0.262465,-50.0,-304.68,False,portfolio_e_positive_but_concentrated,portfolio_still_nontradable,False
rare_modules_only,max_one_trade_per_session,13,phase16a::MNQ_16a_high_vol_mixed_late_resolution_breakout_long_broad_high_vol_mixed_close_confirm_fill_next_open_structure_target_time_exit;phase16a::MNQ_16a_high_vol_mixed_late_resolution_breakout_long_broad_high_vol_mixed_close_confirm_fill_next_open_hard_stop_time_exit;phase16a::MNQ_16a_high_vol_mixed_late_resolution_breakout_long_broad_high_vol_mixed_two_bar_confirm_fill_next_open_hard_stop_time_exit;phase15a::MNQ_15a_trend_day_late_pullback_continuation_short_ema20_pullback_resume_close_confirm_fill_next_open_hard_stop_time_exit;phase15a::MNQ_15a_power_hour_continuation_long_power_range_breakout_continuation_close_confirm_fill_next_open_hard_stop_time_exit;phase15a::MNQ_15a_power_hour_continuation_long_power_range_edge_retest_resume_close_confirm_fill_next_open_hard_stop_time_exit;phase12a::MNQ_12a_odpullback_long_first_pullback_OD15_ema20_retest_two_bar_resume_fill_next_open_hard_stop_time_exit;phase10b::MNQ_10b_primary_short_midday_breakout_overnight_range_breakout_short_tf15_midday_response_middle_60_only_all_gaps_all_touches_mt1;phase10b::MNQ_10b_primary_short_midday_breakout_overnight_range_breakout_short_tf15_midday_response_middle_60_only_all_gaps_all_touches_mt2;phase10b::MNQ_10b_secondary_long_opening_fade_overnight_range_fade_long_tf5_opening_response_exclude_narrowest_20_all_gaps_all_touches_mt1;phase10b::MNQ_10b_secondary_long_opening_fade_overnight_range_fade_long_tf5_opening_response_exclude_narrowest_20_all_gaps_all_touches_mt2;phase10b::MNQ_10b_primary_short_midday_breakout_overnight_range_breakout_short_tf15_midday_response_middle_60_only_all_gaps_first_touch_only_mt1;phase10b::MNQ_10b_primary_short_midday_breakout_overnight_range_breakout_short_tf15_midday_response_middle_60_only_all_gaps_first_touch_only_mt2,2419.08,2232.08,1135.13,2569.06,2419.08,2232.08,0.5,-876.83,187,187,1.0,-1784.4,0.374423,0.374423,0.79732,1.08256,0.184765,1.0,0,0,417,28.69,11,11,7,3,11,5,6,5,2,2419.08,187,0,0.0,-0.002951,-50.0,1064.56,False,portfolio_e_positive_but_concentrated,phase16a_reduces_concentration,False
phase16a_only,raw_sum_diagnostic,3,phase16a::MNQ_16a_high_vol_mixed_late_resolution_breakout_long_broad_high_vol_mixed_close_confirm_fill_next_open_structure_target_time_exit;phase16a::MNQ_16a_high_vol_mixed_late_resolution_breakout_long_broad_high_vol_mixed_close_confirm_fill_next_open_hard_stop_time_exit;phase16a::MNQ_16a_high_vol_mixed_late_resolution_breakout_long_broad_high_vol_mixed_two_bar_confirm_fill_next_open_hard_stop_time_exit,1109.06,1022.06,469.14,1300.79,1109.06,1079.06,0.666667,-490.58,87,30,2.9,-1072.34,0.640912,0.325735,1.385966,1.159522,0.555949,0.756501,67,0,0,1109.06,87,30,30,0,30,14,16,11,11,1109.06,30,67,0.166667,0.365901,-207.0,2360.4,False,portfolio_e_positive_but_concentrated,portfolio_still_nontradable,False
phase16a_only,one_trade_at_a_time_chronological,3,phase16a::MNQ_16a_high_vol_mixed_late_resolution_breakout_long_broad_high_vol_mixed_close_confirm_fill_next_open_structure_target_time_exit;phase16a::MNQ_16a_high_vol_mixed_late_resolution_breakout_long_broad_high_vol_mixed_close_confirm_fill_next_open_hard_stop_time_exit;phase16a::MNQ_16a_high_vol_mixed_late_resolution_breakout_long_broad_high_vol_mixed_two_bar_confirm_fill_next_open_hard_stop_time_exit,64.49,26.49,122.03,276.12,64.49,34.49,0.5,-242.26,38,30,1.266667,-571.64,5.601799,5.601799,9.641495,13.301287,0.555949,0.756501,0,49,0,64.49,38,30,30,0,30,13,17,11,11,64.49,30,0,0.0,5.459849,-207.0,1598.72,False,portfolio_e_positive_but_concentrated,portfolio_still_nontradable,False
phase16a_only,max_one_trade_per_session,3,phase16a::MNQ_16a_high_vol_mixed_late_resolution_breakout_long_broad_high_vol_mixed_close_confirm_fill_next_open_structure_target_time_exit;phase16a::MNQ_16a_high_vol_mixed_late_resolution_breakout_long_broad_high_vol_mixed_close_confirm_fill_next_open_hard_stop_time_exit;phase16a::MNQ_16a_high_vol_mixed_late_resolution_breakout_long_broad_high_vol_mixed_two_bar_confirm_fill_next_open_hard_stop_time_exit,356.91,326.91,284.75,415.6,356.91,326.91,0.666667,-242.26,30,30,1.0,-435.92,1.012188,1.012188,1.74212,2.403407,0.555949,0.756501,0,0,57,356.91,30,30,30,0,30,12,18,11,11,356.91,30,0,0.166667,0.634814,-207.0,2413.04,False,portfolio_e_positive_but_concentrated,portfolio_still_nontradable,False
diversifier_modules_all,raw_sum_diagnostic,10,phase16a::MNQ_16a_high_vol_mixed_late_resolution_breakout_long_broad_high_vol_mixed_close_confirm_fill_next_open_structure_target_time_exit;phase16a::MNQ_16a_high_vol_mixed_late_resolution_breakout_long_broad_high_vol_mixed_close_confirm_fill_next_open_hard_stop_time_exit;phase16a::MNQ_16a_high_vol_mixed_late_resolution_breakout_long_broad_high_vol_mixed_two_bar_confirm_fill_next_open_hard_stop_time_exit;phase13a::MNQ_13a_prior_rth_high_low_breakout_long_close_confirm_fill_next_open_hard_stop_time_exit;phase13a::MNQ_13a_prior_rth_high_low_breakout_long_close_confirm_fill_next_open_structure_target_time_exit;phase14a::MNQ_14a_prior_rth_midpoint_rejection_from_level_short_close_confirm_fill_next_open_structure_target_time_exit;phase14a::MNQ_14a_prior_rth_close_rejection_from_level_long_two_bar_confirm_fill_next_open_structure_target_time_exit;phase15a::MNQ_15a_trend_day_late_pullback_continuation_short_ema20_pullback_resume_close_confirm_fill_next_open_hard_stop_time_exit;phase15a::MNQ_15a_power_hour_continuation_long_power_range_breakout_continuation_close_confirm_fill_next_open_hard_stop_time_exit;phase15a::MNQ_15a_power_hour_continuation_long_power_range_edge_retest_resume_close_confirm_fill_next_open_hard_stop_time_exit,4928.14,4300.14,3887.51,3608.91,4928.14,4710.14,0.5,-1826.35,628,218,2.880734,-3519.78,0.253002,0.125962,0.518536,0.47387,0.175706,1.0,267,0,0,1109.06,87,30,8,8,8,14,16,11,11,2368.17,121,117,0.0,-0.022009,-19.0,-87.04,False,portfolio_e_positive_but_concentrated,phase16a_reduces_concentration,False
diversifier_modules_all,one_trade_at_a_time_chronological,10,phase16a::MNQ_16a_high_vol_mixed_late_resolution_breakout_long_broad_high_vol_mixed_close_confirm_fill_next_open_structure_target_time_exit;phase16a::MNQ_16a_high_vol_mixed_late_resolution_breakout_long_broad_high_vol_mixed_close_confirm_fill_next_open_hard_stop_time_exit;phase16a::MNQ_16a_high_vol_mixed_late_resolution_breakout_long_broad_high_vol_mixed_two_bar_confirm_fill_next_open_hard_stop_time_exit;phase13a::MNQ_13a_prior_rth_high_low_breakout_long_close_confirm_fill_next_open_hard_stop_time_exit;phase13a::MNQ_13a_prior_rth_high_low_breakout_long_close_confirm_fill_next_open_structure_target_time_exit;phase14a::MNQ_14a_prior_rth_midpoint_rejection_from_level_short_close_confirm_fill_next_open_structure_target_time_exit;phase14a::MNQ_14a_prior_rth_close_rejection_from_level_long_two_bar_confirm_fill_next_open_structure_target_time_exit;phase15a::MNQ_15a_trend_day_late_pullback_continuation_short_ema20_pullback_resume_close_confirm_fill_next_open_hard_stop_time_exit;phase15a::MNQ_15a_power_hour_continuation_long_power_range_breakout_continuation_close_confirm_fill_next_open_hard_stop_time_exit;phase15a::MNQ_15a_power_hour_continuation_long_power_range_edge_retest_resume_close_confirm_fill_next_open_hard_stop_time_exit,2210.65,1810.65,1629.48,2297.7,2210.65,1992.65,0.333333,-817.17,400,218,1.834862,-2003.77,0.407364,0.280804,0.809183,1.045077,0.175706,1.0,0,228,0,106.97,36,30,8,8,8,13,17,11,11,1020.4,121,0,-0.166667,0.265414,-19.0,166.59,False,portfolio_e_positive_but_concentrated,portfolio_still_nontradable,False
diversifier_modules_all,max_one_trade_per_session,10,phase16a::MNQ_16a_high_vol_mixed_late_resolution_breakout_long_broad_high_vol_mixed_close_confirm_fill_next_open_structure_target_time_exit;phase16a::MNQ_16a_high_vol_mixed_late_resolution_breakout_long_broad_high_vol_mixed_close_confirm_fill_next_open_hard_stop_time_exit;phase16a::MNQ_16a_high_vol_mixed_late_resolution_breakout_long_broad_high_vol_mixed_two_bar_confirm_fill_next_open_hard_stop_time_exit;phase13a::MNQ_13a_prior_rth_high_low_breakout_long_close_confirm_fill_next_open_hard_stop_time_exit;phase13a::MNQ_13a_prior_rth_high_low_breakout_long_close_confirm_fill_next_open_structure_target_time_exit;phase14a::MNQ_14a_prior_rth_midpoint_rejection_from_level_short_close_confirm_fill_next_open_structure_target_time_exit;phase14a::MNQ_14a_prior_rth_close_rejection_from_level_long_two_bar_confirm_fill_next_open_structure_target_time_exit;phase15a::MNQ_15a_trend_day_late_pullback_continuation_short_ema20_pullback_resume_close_confirm_fill_next_open_hard_stop_time_exit;phase15a::MNQ_15a_power_hour_continuation_long_power_range_breakout_continuation_close_confirm_fill_next_open_hard_stop_time_exit;phase15a::MNQ_15a_power_hour_continuation_long_power_range_edge_retest_resume_close_confirm_fill_next_open_hard_stop_time_exit,1231.09,1013.09,1367.3,586.03,1231.09,1013.09,0.5,-792.19,218,218,1.0,-1362.95,0.504236,0.504236,0.984721,1.384383,0.175706,1.0,0,0,410,61.57,10,10,8,1,10,5,5,5,3,190.16,37,0,0.0,0.126862,-19.0,1486.01,False,portfolio_e_positive_but_concentrated,portfolio_still_nontradable,False
greedy_low_correlation_with_phase16a,raw_sum_diagnostic,10,phase16a::MNQ_16a_high_vol_mixed_late_resolution_breakout_long_broad_high_vol_mixed_close_confirm_fill_next_open_structure_target_time_exit;phase10b::MNQ_10b_primary_short_midday_breakout_overnight_range_breakout_short_tf15_midday_response_all_ranges_all_gaps_all_touches_mt1;phase12a::MNQ_12a_odpullback_long_first_pullback_OD15_ema20_retest_two_bar_resume_fill_next_open_hard_stop_time_exit;phase11a::MNQ_11a_orfade_long_low_fade_OR5_opening_response_two_bar_inside_fill_next_open_hard_stop_time_exit;phase14a::MNQ_14a_prior_rth_close_rejection_from_level_long_two_bar_confirm_fill_next_open_structure_target_time_exit;phase11a::MNQ_11a_orfade_short_high_fade_OR30_opening_response_two_bar_inside_fill_next_open_hard_stop_time_exit;phase16a::MNQ_16a_high_vol_mixed_late_resolution_breakout_long_broad_high_vol_mixed_two_bar_confirm_fill_next_open_hard_stop_time_exit;phase14a::MNQ_14a_prior_rth_midpoint_rejection_from_level_short_close_confirm_fill_next_open_structure_target_time_exit;phase11a::MNQ_11a_orfade_long_low_fade_OR5_midday_response_close_back_inside_fill_next_open_hard_stop_time_exit;phase15a::MNQ_15a_trend_day_late_pullback_continuation_short_ema20_pullback_resume_close_confirm_fill_next_open_hard_stop_time_exit,8000.22,7277.22,1322.48,5684.54,8000.22,7758.22,0.833333,-660.46,723,242,2.987603,-1895.4,0.151761,0.113217,0.340548,0.4484,0.071497,0.424797,99,0,0,752.15,57,30,1,13,1,16,14,12,10,2393.39,123,20,0.333333,-0.12325,5.0,1537.34,False,portfolio_e_improves_rare_module_contribution_needs_review,phase16a_improves_weak_regime_coverage,False
greedy_low_correlation_with_phase16a,one_trade_at_a_time_chronological,10,phase16a::MNQ_16a_high_vol_mixed_late_resolution_breakout_long_broad_high_vol_mixed_close_confirm_fill_next_open_structure_target_time_exit;phase10b::MNQ_10b_primary_short_midday_breakout_overnight_range_breakout_short_tf15_midday_response_all_ranges_all_gaps_all_touches_mt1;phase12a::MNQ_12a_odpullback_long_first_pullback_OD15_ema20_retest_two_bar_resume_fill_next_open_hard_stop_time_exit;phase11a::MNQ_11a_orfade_long_low_fade_OR5_opening_response_two_bar_inside_fill_next_open_hard_stop_time_exit;phase14a::MNQ_14a_prior_rth_close_rejection_from_level_long_two_bar_confirm_fill_next_open_structure_target_time_exit;phase11a::MNQ_11a_orfade_short_high_fade_OR30_opening_response_two_bar_inside_fill_next_open_hard_stop_time_exit;phase16a::MNQ_16a_high_vol_mixed_late_resolution_breakout_long_broad_high_vol_mixed_two_bar_confirm_fill_next_open_hard_stop_time_exit;phase14a::MNQ_14a_prior_rth_midpoint_rejection_from_level_short_close_confirm_fill_next_open_structure_target_time_exit;phase11a::MNQ_11a_orfade_long_low_fade_OR5_midday_response_close_back_inside_fill_next_open_hard_stop_time_exit;phase15a::MNQ_15a_trend_day_late_pullback_continuation_short_ema20_pullback_resume_close_confirm_fill_next_open_hard_stop_time_exit,9823.73,9194.73,1426.76,6640.99,9823.73,9581.73,0.833333,-725.66,629,242,2.599174,-1812.5,0.150481,0.092201,0.319179,0.365167,0.071497,0.424797,0,94,0,848.44,37,30,1,13,1,15,15,12,10,2364.66,121,0,0.333333,0.008531,5.0,357.86,False,portfolio_e_positive_but_concentrated,phase16a_reduces_correlation,False
greedy_low_correlation_with_phase16a,max_one_trade_per_session,10,phase16a::MNQ_16a_high_vol_mixed_late_resolution_breakout_long_broad_high_vol_mixed_close_confirm_fill_next_open_structure_target_time_exit;phase10b::MNQ_10b_primary_short_midday_breakout_overnight_range_breakout_short_tf15_midday_response_all_ranges_all_gaps_all_touches_mt1;phase12a::MNQ_12a_odpullback_long_first_pullback_OD15_ema20_retest_two_bar_resume_fill_next_open_hard_stop_time_exit;phase11a::MNQ_11a_orfade_long_low_fade_OR5_opening_response_two_bar_inside_fill_next_open_hard_stop_time_exit;phase14a::MNQ_14a_prior_rth_close_rejection_from_level_long_two_bar_confirm_fill_next_open_structure_target_time_exit;phase11a::MNQ_11a_orfade_short_high_fade_OR30_opening_response_two_bar_inside_fill_next_open_hard_stop_time_exit;phase16a::MNQ_16a_high_vol_mixed_late_resolution_breakout_long_broad_high_vol_mixed_two_bar_confirm_fill_next_open_hard_stop_time_exit;phase14a::MNQ_14a_prior_rth_midpoint_rejection_from_level_short_close_confirm_fill_next_open_structure_target_time_exit;phase11a::MNQ_11a_orfade_long_low_fade_OR5_midday_response_close_back_inside_fill_next_open_hard_stop_time_exit;phase15a::MNQ_15a_trend_day_late_pullback_continuation_short_ema20_pullback_resume_close_confirm_fill_next_open_hard_stop_time_exit,4790.03,4548.03,1306.73,3862.16,4790.03,4548.03,0.666667,-1096.11,242,242,1.0,-1576.45,0.154855,0.154855,0.436695,0.656426,0.071497,0.424797,0,0,481,-32.24,1,1,1,0,1,0,1,0,1,359.02,25,0,0.166667,-0.222519,5.0,1272.51,False,portfolio_e_positive_but_concentrated,phase16a_reduces_concentration,False
weak_regime_focused_mix,raw_sum_diagnostic,10,phase16a::MNQ_16a_high_vol_mixed_late_resolution_breakout_long_broad_high_vol_mixed_close_confirm_fill_next_open_structure_target_time_exit;phase10b::MNQ_10b_primary_short_midday_breakout_overnight_range_breakout_short_tf15_midday_response_exclude_widest_20_all_gaps_all_touches_mt1;phase10b::MNQ_10b_primary_short_midday_breakout_overnight_range_breakout_short_tf15_midday_response_exclude_widest_20_all_gaps_all_touches_mt2;phase10b::MNQ_10b_primary_short_midday_breakout_overnight_range_breakout_short_tf15_midday_response_all_ranges_all_gaps_all_touches_mt1;phase10b::MNQ_10b_primary_short_midday_breakout_overnight_range_breakout_short_tf15_midday_response_all_ranges_all_gaps_all_touches_mt2;phase10b::MNQ_10b_primary_short_midday_breakout_overnight_range_breakout_short_tf15_midday_response_middle_60_only_all_gaps_all_touches_mt1;phase10b::MNQ_10b_primary_short_midday_breakout_overnight_range_breakout_short_tf15_midday_response_middle_60_only_all_gaps_all_touches_mt2;phase10b::MNQ_10b_primary_short_midday_breakout_overnight_range_breakout_short_tf15_midday_response_exclude_narrowest_20_all_gaps_all_touches_mt1;phase10b::MNQ_10b_primary_short_midday_breakout_overnight_range_breakout_short_tf15_midday_response_exclude_narrowest_20_all_gaps_all_touches_mt2;phase10b::MNQ_10b_primary_short_midday_breakout_overnight_range_breakout_short_tf15_midday_response_middle_60_only_all_gaps_first_touch_only_mt1,23450.63,22798.63,2213.41,8325.76,23450.63,23345.63,0.666667,-3080.4,652,105,6.209524,-3811.38,0.308993,0.038624,0.647307,0.193121,0.689668,1.0,1328,0,0,516.62,30,30,18,9,18,14,16,12,10,7494.33,77,95,0.166667,0.033982,-132.0,-378.64,False,portfolio_e_positive_but_concentrated,portfolio_still_nontradable,False
weak_regime_focused_mix,one_trade_at_a_time_chronological,10,phase16a::MNQ_16a_high_vol_mixed_late_resolution_breakout_long_broad_high_vol_mixed_close_confirm_fill_next_open_structure_target_time_exit;phase10b::MNQ_10b_primary_short_midday_breakout_overnight_range_breakout_short_tf15_midday_response_exclude_widest_20_all_gaps_all_touches_mt1;phase10b::MNQ_10b_primary_short_midday_breakout_overnight_range_breakout_short_tf15_midday_response_exclude_widest_20_all_gaps_all_touches_mt2;phase10b::MNQ_10b_primary_short_midday_breakout_overnight_range_breakout_short_tf15_midday_response_all_ranges_all_gaps_all_touches_mt1;phase10b::MNQ_10b_primary_short_midday_breakout_overnight_range_breakout_short_tf15_midday_response_all_ranges_all_gaps_all_touches_mt2;phase10b::MNQ_10b_primary_short_midday_breakout_overnight_range_breakout_short_tf15_midday_response_middle_60_only_all_gaps_all_touches_mt1;phase10b::MNQ_10b_primary_short_midday_breakout_overnight_range_breakout_short_tf15_midday_response_middle_60_only_all_gaps_all_touches_mt2;phase10b::MNQ_10b_primary_short_midday_breakout_overnight_range_breakout_short_tf15_midday_response_exclude_narrowest_20_all_gaps_all_touches_mt1;phase10b::MNQ_10b_primary_short_midday_breakout_overnight_range_breakout_short_tf15_midday_response_exclude_narrowest_20_all_gaps_all_touches_mt2;phase10b::MNQ_10b_primary_short_midday_breakout_overnight_range_breakout_short_tf15_midday_response_middle_60_only_all_gaps_first_touch_only_mt1,-4194.34,-4517.34,-1991.51,-160.16,-4194.34,-4299.34,0.166667,-1937.89,323,105,3.07619,-5034.89,1.0,1.0,1.0,1.0,0.689668,1.0,0,329,0,516.62,30,30,18,9,18,14,16,12,10,-1418.28,50,0,-0.333333,0.85805,-132.0,-2864.53,False,portfolio_e_failed_negative,no_portfolio_benefit,False
weak_regime_focused_mix,max_one_trade_per_session,10,phase16a::MNQ_16a_high_vol_mixed_late_resolution_breakout_long_broad_high_vol_mixed_close_confirm_fill_next_open_structure_target_time_exit;phase10b::MNQ_10b_primary_short_midday_breakout_overnight_range_breakout_short_tf15_midday_response_exclude_widest_20_all_gaps_all_touches_mt1;phase10b::MNQ_10b_primary_short_midday_breakout_overnight_range_breakout_short_tf15_midday_response_exclude_widest_20_all_gaps_all_touches_mt2;phase10b::MNQ_10b_primary_short_midday_breakout_overnight_range_breakout_short_tf15_midday_response_all_ranges_all_gaps_all_touches_mt1;phase10b::MNQ_10b_primary_short_midday_breakout_overnight_range_breakout_short_tf15_midday_response_all_ranges_all_gaps_all_touches_mt2;phase10b::MNQ_10b_primary_short_midday_breakout_overnight_range_breakout_short_tf15_midday_response_middle_60_only_all_gaps_all_touches_mt1;phase10b::MNQ_10b_primary_short_midday_breakout_overnight_range_breakout_short_tf15_midday_response_middle_60_only_all_gaps_all_touches_mt2;phase10b::MNQ_10b_primary_short_midday_breakout_overnight_range_breakout_short_tf15_midday_response_exclude_narrowest_20_all_gaps_all_touches_mt1;phase10b::MNQ_10b_primary_short_midday_breakout_overnight_range_breakout_short_tf15_midday_response_exclude_narrowest_20_all_gaps_all_touches_mt2;phase10b::MNQ_10b_primary_short_midday_breakout_overnight_range_breakout_short_tf15_midday_response_middle_60_only_all_gaps_first_touch_only_mt1,3443.45,3338.45,246.4,1604.15,3443.45,3338.45,0.833333,-333.71,105,105,1.0,-505.29,0.263039,0.263039,0.609209,0.848074,0.689668,1.0,0,0,547,712.97,18,18,18,0,18,10,8,8,4,712.97,18,0,0.333333,-0.114335,-132.0,2343.67,False,portfolio_e_improves_rare_module_contribution_needs_review,phase16a_improves_weak_regime_coverage,False
